"Authors","Author full names","Author(s) ID","Title","Year","Source title","Volume","Issue","Art. No.","Page start","Page end","Page count","Cited by","DOI","Link","Abstract","Author Keywords","Index Keywords","Editors","Language of Original Document","Document Type","Publication Stage","Open Access","Source","EID"
"Bai, Y.; Liu, Y.; Liao, X.","Bai, Yu (57218629283); Liu, Yang (57211088012); Liao, Xiuwu (15065672500)","57218629283; 57211088012; 15065672500","Is data sharing consistently good with AI service? Impact of data sharing and service strategies in competitive channels","2025","Transportation Research Part E: Logistics and Transportation Review","204","","104383","","","0","0","10.1016/j.tre.2025.104383","https://www.scopus.com/inward/record.uri?eid=2-s2.0-105017851669&doi=10.1016%2Fj.tre.2025.104383&partnerID=40&md5=8833212854603d50be264839035ef5a4","AI services based on data sharing have recently become essential for online platforms and retailers. This study examines an online platform that offers AI services to itself and its associated retailer, which competes by offering substitute products. The retailer can share data with the platform or develop alternative service channels. Our research explores the dynamic interaction between the platform's decision to offer AI services, the retailer's data-sharing choices, and service channel selection. Our findings reveal that data sharing can significantly enhance AI service quality and boost market demand for the platform's AI service. However, it also creates a power imbalance between platforms and retailers. For platforms, gaining access to retailer data enhances service quality, increases demand, and boosts revenue. For retailers, data sharing creates a Synergy Effect that improves both price and demand and finally increases revenue. However, data sharing is not always beneficial, as the Synergy Effect may be inefficient or diminished because of the Triple Squeeze Effect, ultimately resulting in profit losses. We also analyze the role of data processing capability and find that increasing capability does not always lead to improved outcomes, particularly when high costs burden the platform. Our results indicate that choosing the platform's service is usually more beneficial for the retailer due to the Synergy Effect, while the platform's service provision strategy needs to be cautious. Our study provides valuable managerial insights, suggesting that both platforms and retailers must carefully evaluate the cost-benefit trade-offs associated with data sharing and data processing investments to ensure profitability and sustainable growth. © 2025 Elsevier B.V., All rights reserved.","AI service provision; Channel competition; Data sharing; Online platforms; Pricing strategy","Commerce; Competition; Cost benefit analysis; Data quality; Data Sharing; Investments; Profitability; Quality of service; Sales; AI service provision; Channel competitions; Data services; Online platforms; Pricing strategy; Service channels; Service provisions; Service Quality; Synergy effect; Economic and social effects; artificial intelligence; data set; price dynamics; service sector; strategic approach","","English","Article","Final","","Scopus","2-s2.0-105017851669"
"Ghaffari, A.; Afsharian, M.; Taleizadeh, A.A.","Ghaffari, Amirsalar (60025309700); Afsharian, Mohsen (16068253300); Taleizadeh, A. A. (55386682400)","60025309700; 16068253300; 55386682400","A machine learning approach to dynamic pricing in multi-channel transportation supply chains","2025","Supply Chain Analytics","11","","100151","","","0","0","10.1016/j.sca.2025.100151","https://www.scopus.com/inward/record.uri?eid=2-s2.0-105012280947&doi=10.1016%2Fj.sca.2025.100151&partnerID=40&md5=859d79a2979b49777cb3dbe92e816182","Effective pricing strategies are critical for optimizing revenue and maintaining competitiveness in transportation supply chains, particularly in multi-channel environments. This paper presents a machine learning-driven dynamic pricing approach designed to optimize ticket prices across multiple transportation modes, service classes, and sales channels. In particular, the proposed approach integrates predictive analytics and optimization techniques to estimate customer demand, price sensitivity, and revenue potential while accounting for operational constraints such as capacity limits and market share requirements. Machine learning enables the optimization model to dynamically adjust pricing strategies based on historical demand patterns and real-time market fluctuations. To demonstrate its applicability, the approach is applied in a case study in the transportation sector, illustrating its role in optimizing pricing decisions. Additionally, sensitivity analysis highlights the model's robustness against capacity changes, demand fluctuations, and pricing constraints. The findings emphasize the role of supply chain analytics in enhancing pricing strategies, making them more adaptive, data-driven, and resilient to market dynamics. © 2025 Elsevier B.V., All rights reserved.","Dynamic pricing; Machine learning; Multi-channel supply chain; Revenue optimization; Supply chain resiliency; Transportation analytics","","","English","Article","Final","","Scopus","2-s2.0-105012280947"
"Lou, S.; Liang, S.; Jin, A.; Liang, Z.; Yang, L.; Fu, J.","Lou, Shang (60076747500); Liang, Shun (60076747600); Jin, Aitong (59134227400); Liang, Zhiying (59296945000); Yang, Lanzhu (60077542900); Fu, Jun (35200778300)","60076747500; 60076747600; 59134227400; 59296945000; 60077542900; 35200778300","Genetic Algorithm-Optimized Regression Tree for Automatic Pricing and Replenishment of Vegetable Products","2025","","","","","187","193","0","0","10.1145/3745133.3745165","https://www.scopus.com/inward/record.uri?eid=2-s2.0-105014523032&doi=10.1145%2F3745133.3745165&partnerID=40&md5=a9172bd574449c58f112c2c13c121994","In fresh food supermarkets, vegetable products require efficient replenishment and pricing decisions due to their limited shelf life and quality fluctuations. This paper aims to reveal the sales patterns of vegetables, predict demand and pricing for the upcoming week, and propose replenishment and pricing strategies for individual products. First, the sales data are cleaned and preprocessed, with key factors extracted through feature engineering. Pearson correlation analysis and heatmaps are used to study the relationships between 30 factors, vegetable categories, and total sales. A regression decision tree model (evaluated based on R2) is built to establish the sales-profit relationship regarding sales volume and cost-plus pricing. To maximize revenue, the ARIMA time series model (50 simulated averages) is used to predict the sales and wholesale price for the next 7 days, and genetic algorithms are applied to optimize parameters. Finally, a linear programming model is employed to determine the optimal replenishment quantity and pricing strategy, thus maximizing the supermarket's total revenue. © 2025 Elsevier B.V., All rights reserved.","Automatic pricing; Correlation coefficient; Genetic algorithm; Replenishment decision; Time series analysis","Artificial intelligence; Correlation methods; Costs; Linear programming; Regression analysis; Replenishment (water resources); Retail stores; Sales; Vegetables; Automatic pricing; Correlation coefficient; Fresh food; Pricing decision; Pricing strategy; Regression trees; Replenishment decision; Shelf life; Time-series analysis; Vegetable products; Genetic algorithms; Time series analysis","","English","Conference paper","Final","All Open Access; Gold Open Access","Scopus","2-s2.0-105014523032"
"Xu, R.","Xu, Rigan (60077171000)","60077171000","High-Dimensional Spatiotemporal Dependencies and Behavioral Heterogeneity Co-Modeling: LSTM-Multi-Factor Penetrative Analysis and Risk Premium Decomposition of the Reversal Effect in China’s A-Share Market","2025","","","","","66","71","0","0","10.1145/3746972.3746984","https://www.scopus.com/inward/record.uri?eid=2-s2.0-105014522183&doi=10.1145%2F3746972.3746984&partnerID=40&md5=0b43b7f6be8c1e0a1b9341aef6399fec","China’s A-share market, with its unique retail-dominated investor base and policy-driven ecosystem, serves as a compelling laboratory for testing market anomalies. This study investigates the efficacy and mechanisms of momentum and reversal effects in this emerging-market context, uncovering how behavioral forces dynamically shape price patterns under structural inefficiencies. Building on monthly data spanning January 2014 to January 2024, we systematically evaluate strategy performance through winner-loser portfolio construction across formation periods (1, 3, 6, 12 months), employing long-short tactics, risk-neutralizing techniques (CAPM and Fama-French three-factor models), and an LSTM deep learning framework. Key findings reveal reversal strategies’ striking dominance over momentum approaches mainly during an economic recession, with win rates consistently hovering at 50%-60% in both economic expansion and recession and peaking with an average of 61.95% in 3-month formation windows—evidence of retail-driven overreaction followed by swift price correction. Our novel LSTM model, integrating implied volatility (IV), turnover, market capitalization, and technical indicators, achieved 81.3% prediction accuracy in out-of-sample tests, with the relative strength index (RSI) emerging as the most influential predictor. By bridging multifactor risk adjustment with nonlinear machine learning, this research marks a breakthrough in quant methodology, offering practitioners a robust toolkit to navigate China’s sentiment-fueled volatility while advancing behavioral theory in nonlinear markets. This study also redefines emerging-market asset pricing paradigms through theoretical and technological breakthroughs. Theoretically, it pioneers a dynamic pricing model that captures the interplay between institutional frictions and behavioral biases, particularly during policy-sensitive windows and sentiment extremes—a critical advance beyond traditional frameworks’ inability to decode the “policy-sentiment feedback loop.” Practically, the novel LSTM-multifactor framework offers modular applications: its real-time tracking of RSI and implied volatility (IV) thresholds could power next-gen robo-advisors, while its sector rotation analytics might optimize multi-asset funds’ tactical pivots. For regulators, the research unveils a stealth weapon: by mapping cointegration between reversal anomalies and manipulative trading patterns, it equips watchdogs with precision tools to flag suspicious activity—a leap forward for China’s ambitions in penetrative, AI-augmented market surveillance. © 2025 Elsevier B.V., All rights reserved.","China’s A-Share Market; LSTM Modeling; Reversal Effects","Behavioral research; Commerce; Competition; Costs; Economic analysis; Financial markets; Forecasting; Investments; Learning systems; Market Research; Momentum; Sales; China’s A-share market; Economic Recession; Emerging markets; High-dimensional; Implied volatility; LSTM modeling; Multi-factor; Relative strength index; Reversal effect; Share market; Long short-term memory","","English","Conference paper","Final","All Open Access; Gold Open Access","Scopus","2-s2.0-105014522183"
"Liu, Q.; Song, Y.","Liu, Quan (60080515900); Song, Yunkui (60080516000)","60080515900; 60080516000","Pricing Strategy Optimization by Machine Learning in E-commerce","2025","","","","","760","765","0","0","10.1145/3745238.3745358","https://www.scopus.com/inward/record.uri?eid=2-s2.0-105014755693&doi=10.1145%2F3745238.3745358&partnerID=40&md5=0e129256a44f07ba820dc1e5926cf6db","This paper introduces the concept of pricing strategy and its importance in e-commerce, analyzes the limitations of traditional pricing methods. Subsequently, the article elaborates on the application of machine learning in E-commerce pricing strategies. In addition, the article also presents the key technologies for optimizing pricing strategies using machine learning. Finally, it looks forward to the development trend of future pricing systems. © 2025 Elsevier B.V., All rights reserved.","E-commerce; Machine learning; Pricing strategy","Artificial intelligence; Costs; Information management; Learning systems; Marketplaces; Optimization; Development trends; E-commerce analysis; Key technologies; Look-forward; Machine-learning; Pricing methods; Pricing strategy; Pricing systems; Strategy optimization; Electronic commerce","","English","Conference paper","Final","All Open Access; Gold Open Access","Scopus","2-s2.0-105014755693"
"Li, J.; Chen, B.","Li, Jiancai (57219364804); Chen, Biaoxin (57200014476)","57219364804; 57200014476","A Deep Q-Learning Optimization Framework for Dynamic Pricing in E-Commerce","2025","","","","","367","371","0","0","10.1145/3729706.3729764","https://www.scopus.com/inward/record.uri?eid=2-s2.0-105012242586&doi=10.1145%2F3729706.3729764&partnerID=40&md5=937cf29d3d23a94e62d67ca73183f97f","A Regarding the research on dynamic pricing optimization of e-commerce, traditional pricing methods are too poorly adaptable and not flexible enough when dealing with rapidly changing markets and user behaviors. To solve this problem, we proposed a dynamic pricing model based on deep Q learning. The core of this model is to use reinforcement learning to simulate the interaction between intelligent agents and the market, and learn the optimal pricing strategy through continuous trial and error. The model input includes multi-dimensional data such as market demand, user behavior, and inventory levels. Deep neural networks are used to approximate the state-action value function to achieve intelligent optimization of pricing. We conducted experiments on actual transaction data of a Chinese e-commerce platform, and the results are very obvious: in the three scenarios of stable transaction period, promotion peak period, and inventory backlog period, profits increased by 12.8% to 18.4%, user conversion rate increased by 8.5% to 12.7%, and inventory turnover rate was optimized by 15.2% to 23%, which are significantly better than traditional rule-based pricing methods. This model can dynamically adjust prices in real time according to market changes, while taking into account profitability and user experience. The main innovation of this work is to introduce deep Q learning into the e-commerce pricing problem and verify its effectiveness in a complex and high-dimensional market environment. This provides a new method for intelligent pricing in e-commerce and also opens up a new path for the application of reinforcement learning in commercial scenarios. © 2025 Elsevier B.V., All rights reserved.","Deep Q-Learning; Dynamic Pricing; E-commerce; Pricing Optimization; Reinforcement Learning","Behavioral research; Costs; Deep neural networks; Deep reinforcement learning; Intelligent agents; Market Research; Optimization; Profitability; User experience; Deep Q-learning; Dynamic pricing; E- commerces; Learning optimizations; Optimisations; Pricing methods; Pricing optimization; Q-learning; Reinforcement learnings; User behaviors; Electronic commerce","","English","Conference paper","Final","All Open Access; Gold Open Access","Scopus","2-s2.0-105012242586"
"Liu, E.; Yang, Y.","Liu, Erjie (59934116400); Yang, Yuxuan (59934475000)","59934116400; 59934475000","Quantitative Analysis of Price Elasticity in E-commerce Using Machine Learning: A Case Study of JD.com Transaction-Level Data","2025","","","","","314","319","0","0","10.1145/3724154.3724206","https://www.scopus.com/inward/record.uri?eid=2-s2.0-105007540482&doi=10.1145%2F3724154.3724206&partnerID=40&md5=e9dbeaf154e443afe765ba45b4d3819c","With the rapid development of e-commerce, it is increasingly important to understand consumer decisions and make forward-looking product management strategies according to those behaviors. Based on the 2020 MSOM Data-driven Research Challenge, this study uses JD.com’s transaction-level product data in March 2018 to compare and explore the differences in the effectiveness of multiple machine learning models in predicting product price elasticity, as well as identifying the core factors that might affect. The models include Linear regression, Ridge regression, Decision Tree, and Random Forest. Meanwhile, the parameter tuning strategy of Random Search is also adopted to optimize the model performance and generalization ability. The final results show that the Ridge regression model shows excellent prediction accuracy and stability, with the lowest Mean Square Error of 0.2685 on the test set. This indicates that the model effectively solves the multicollinearity problem between features and avoids the overfitting problem. In addition, the research identifies the decisive factors affecting commodity price elasticity as the customer’s purchase channel, product’s functional attributes, and the type of merchant to which the commodity belongs. The conclusions drawn in this study are robust and pragmatic, providing valuable insights for merchants to formulate reasonable pricing strategies to promote consumption. © 2025 Elsevier B.V., All rights reserved.","Machine learning models; Price elasticity; Product characteristics; Regression coefficient analysis","Multiple linear regression; Product development; Sales; Strategic planning; Case-studies; E- commerces; Machine learning models; Machine-learning; Price-elasticity; Product characteristics; Regression coefficient; Regression coefficient analyze; Ridge regression; Transaction level; Polynomial regression","","English","Conference paper","Final","","Scopus","2-s2.0-105007540482"
"Han, Y.; Huang, Z.; Xu, Y.","Han, Yiyou (59935972800); Huang, Ziheng (59141422000); Xu, Yihong (59936365300)","59935972800; 59141422000; 59936365300","Optimizing Vegetable Pricing and Replenishment Decisions Using Hybrid Machine Learning Models","2025","","","","","770","774","0","0","10.1145/3718751.3718877","https://www.scopus.com/inward/record.uri?eid=2-s2.0-105007598854&doi=10.1145%2F3718751.3718877&partnerID=40&md5=26151f8c97d3885ca7ec3a3786af6d68","In the modern business environment, the automatic pricing and replenishment decision of vegetable commodities has become the core to ensure the smooth supply chain and the profit of merchants. This study combined ARIMA, particle swarm optimization (PSO), linear regression and genetic algorithm to propose and implement an automatic pricing and replenishment strategy based on a mixed machine learning model and a large number of historical sale data. The average R2 of different categories of vegetables was 0.992, indicating a high accuracy of the model. At the same time, it provided a pricing and purchase strategy for vegetables for merchants. © 2025 Elsevier B.V., All rights reserved.","ARIMA; Genetic Algorithm; Linear Regression; PSO; Replenishment","ARIMA; Business environments; Hybrid machine learning; Machine learning models; Particle swarm; Particle swarm optimization; Pricing strategy; Replenishment; Replenishment strategies; Swarm optimization; Linear regression","","English","Conference paper","Final","","Scopus","2-s2.0-105007598854"
"Jiang, Z.; Li, J.; Zhang, D.","Jiang, Zhaohui (57226607142); Li, Jun (56370104500); Zhang, Dennis J. (57194081165)","57226607142; 56370104500; 57194081165","A High-Dimensional Choice Model for Online Retailing","2025","Management Science","71","4","","3320","3339","0","1","10.1287/mnsc.2020.02715","https://www.scopus.com/inward/record.uri?eid=2-s2.0-105003029000&doi=10.1287%2Fmnsc.2020.02715&partnerID=40&md5=0a38d88ba11ba52dd20f6d7f11116bee","Online retailers are facing an increasing variety of product choices and diversified consumer decision journeys. To improve many operations decisions for online retailers, such as demand forecasting and inventory management and pricing, an important first step is to obtain an accurate estimate of the substitution patterns among a large number of products offered in the complex online environment. Classic choice models either do not account for these substitution patterns beyond what is reflected through observed product features or do so in a simplified way by making a priori assumptions. These shortcomings become particularly restrictive when the underlying substitution patterns get complex as the number of options increases. We provide a solution by developing a high-dimensional choice model that allows for flexible substitution patterns and easily scales up. We leverage consumer clickstream data and combine econometric and machine learning (graphical lasso, in particular) methods to learn the substitution patterns among a large number of products. We show our method offers more accurate demand forecasts in a wide range of synthetic scenarios when compared with classical models (e.g., the independent and identically distributed Probit model), reducing out-of-sample mean absolute percentage error by 10%–30%. Such performance improvement is further supported by observations from a real-world empirical setting. More importantly, our method excels in precisely recovering substitution patterns across products. Compared with benchmark models, it reduces the percentage deviation from the underlying elasticity matrix by approximately half. This precision serves as a critical input for enhancing business decisions such as assortment planning, inventory management, and pricing strategies. © 2025 Elsevier B.V., All rights reserved.","choice model; clickstream data; high-dimensional; machine learning; retail management","Inventory control; Choice model; Clickstream data; High-dimensional; Higher-dimensional; Inventory management; Machine-learning; Online retailing; Product choice; Retail management; Substitution patterns; Sales","","English","Article","Final","","Scopus","2-s2.0-105003029000"
"Wang, Q.; Hu, S.; Zha, X.","Wang, Qingxiao (56081647900); Hu, Shanfeng (59729492900); Zha, Xiaoyu (57226681800)","56081647900; 59729492900; 57226681800","Machine Learning Study on Cross-border E-commerce Products Price Prediction: Evidence from Platform of Lazada","2025","","","","","761","767","0","0","10.1145/3716895.3717029","https://www.scopus.com/inward/record.uri?eid=2-s2.0-105002219173&doi=10.1145%2F3716895.3717029&partnerID=40&md5=1a96a77b1e145d4c1814d8865f1ba019","In the wave of increasingly digital and globalized trade activities, cross-border e-commerce (CBEC) has emerged as an indispensable trade form, and CBEC platforms have grown rapidly in this process and become a key force to promote consumption levels. Product pricing is widely considered to be one of the key determinants of the development of the CBEC industry. Therefore, CBEC platforms enable many platform merchants to flourish through unique pricing strategies. A comprehensive understanding of these pricing strategies is essential for exploring the nature of innovative business models. Taking Lazada, a leading CBEC platform in Southeast Asia, as an example, this paper analyzes the commodity information data set of electronic products as of November 8,2024, and develops a multi-factor price prediction model by using natural language processing and machine learning technology. The study used three different prediction methods: linear regression, random forest and XGBoost. By comparing the prediction performance of the three methods, the random forest method has the strongest prediction ability. In addition, the random forest model is used for attribution analysis to help platform merchants formulate appropriate prices. © 2025 Elsevier B.V., All rights reserved.","Cross-border E-commerce Platform; Electronic Products; Machine Learning; Price Expectation","Adversarial machine learning; Decision trees; Electronic commerce; Electronic trading; Marketplaces; Prediction models; Random forests; Commerce platforms; Cross-border; Cross-border E-commerce platform; E- commerces; Electronics products; Learning studies; Machine-learning; Price expectation; Pricing strategy; Product price; Costs","","English","Conference paper","Final","","Scopus","2-s2.0-105002219173"
"Xu, T.; Baghaei, S.","Xu, Ting (59497584700); Baghaei, Sh (57449950600)","59497584700; 57449950600","Reshaping the future of sports with artificial intelligence: Challenges and opportunities in performance enhancement, fan engagement, and strategic decision-making","2025","Engineering Applications of Artificial Intelligence","142","","109912","","","0","7","10.1016/j.engappai.2024.109912","https://www.scopus.com/inward/record.uri?eid=2-s2.0-85213878035&doi=10.1016%2Fj.engappai.2024.109912&partnerID=40&md5=b417a921ee5a5f5ec6f0271e449e3e3a","The rapid advancement of artificial intelligence has significantly transformed the sports industry over the past decade. In sports performance, artificial intelligence-driven analytics has become essential for optimizing athlete training, injury prevention, and performance enhancement, with sophisticated algorithms analyzing player data to develop personalized training programs and identify areas for improvement. The impact of artificial intelligence on fan engagement has been profound, enabling the delivery of highly personalized content and recommendations that foster stronger connections between fans and their favorite teams or athletes. Leveraging artificial intelligence-powered algorithms, ticket pricing strategies are optimized, resulting in increased ticket sales and revenue. Artificial intelligence-based performance evaluation tools assist sports managers in making well-informed decisions regarding team composition and tactics. This study shows the use of an artificial neural network with artificial intelligence technologies, including data analysis, to improve sports performance, management, and decision-making. Data-driven insights aid in talent scouting and recruitment, allowing managers to identify promising athletes with precision. Issues about data privacy, algorithmic bias, and fair competition need to be addressed to ensure responsible and equitable utilization of artificial intelligence in augmenting the sports industry. The integration of artificial intelligence technologies has profoundly transformed both sports and sports management. From enhancing athlete performance and fan engagement to optimizing administrative tasks and strategic decision-making, the impact of artificial intelligence on the sports domain continues to expand. Results show significant enhancements in all areas, with artificial intelligence outperforming data analysis alone. Prediction errors of the artificial neural network model align well with experimental targets. © 2025 Elsevier B.V., All rights reserved.","Algorithmic bias; Artificial neural network; Data-driven insights; Diagnosis and treatment; Healthcare; Strategic decision-making","Diagnosis; Algorithmic bias; Algorithmics; Data driven; Data-driven insight; Diagnose and treatment; Healthcare; Neural-networks; Performance enhancements; Sports industries; Strategic decision making; Information management","","English","Article","Final","","Scopus","2-s2.0-85213878035"
"Sun, M.","Sun, Mingwei (59560892800)","59560892800","Predictive Analysis of Vehicle Insurance Demand Using Machine Learning Techniques","2025","","","","","1193","1197","0","0","10.1145/3708036.3708233","https://www.scopus.com/inward/record.uri?eid=2-s2.0-85218003181&doi=10.1145%2F3708036.3708233&partnerID=40&md5=f437e4c52df000b461df5d7cc23be0cb","Health insurance and vehicle insurance play a crucial role in reducing economic burdens, alleviating psychological stress, and maintaining social stability. Given the similarities in buyer characteristics for both types of insurance, predicting whether customers who purchase health insurance are interested in vehicle insurance is of significant importance for companies offering both products. By analyzing data from the Kaggle website, this paper employs machine learning techniques, including XGBoost, AdaBoost, and Multi-Layer Perceptron (MLP), to predict customer interest in purchasing vehicle insurance and compares the performance of different models. The study results indicate that AdaBoost performs best in predicting vehicle insurance demand, followed by XGBoost, while MLP performs relatively weaker in this task. These findings provide important insights for insurance companies to optimize marketing strategies, adjust pricing models, and better manage risks. However, future research should focus on integrating more advanced technologies and improving data quality to further enhance the performance of predictive models. © 2025 Elsevier B.V., All rights reserved.","Data Analyze; Health Insurance; Machine learning; Purchase Perception; Vehicle Insurance","Adaptive boosting; Adversarial machine learning; Health insurance; Buyer characteristics; Economic burden; Machine learning techniques; Machine-learning; Multilayers perceptrons; Performance; Psychological stress; Purchase perception; Social stability; Vehicle insurance; Sales","","English","Conference paper","Final","","Scopus","2-s2.0-85218003181"
"Gunda, N.K.; Raparthi, M.; Dodda, S.B.; Soni, M.; Kumar, A.; Maaliw, R.R.","Gunda, Naresh Kumar (57219490217); Raparthi, Mohan (58864256700); Dodda, Sarath Babu (58868510100); Soni, Mukesh (57202986134); Kumar, Ashok (59821499300); Maaliw, Renato R. (57204532617)","57219490217; 58864256700; 58868510100; 57202986134; 59821499300; 57204532617","Machine-Learning-Enhanced Blockchain for Dynamic Pricing Models in E-Commerce","2025","Lecture Notes in Networks and Systems","1172 LNNS","","","205","219","0","1","10.1007/978-981-97-8631-2_12","https://www.scopus.com/inward/record.uri?eid=2-s2.0-86000438556&doi=10.1007%2F978-981-97-8631-2_12&partnerID=40&md5=90c1cccc4c39eedd83501afa6ef24f56","This study introduces a dynamic pricing optimization framework for E-commerce, integrating reinforcement learning, predictive analytics, federated learning, privacy-preserving transaction processing, and blockchain interoperability. Through an extensive ablation study and comprehensive evaluation, the proposed framework outperforms existing methods in multiple dimensions. Figures illustrate its consistent excellence, highlighting its versatility in adapting to market dynamics. Blockchain and machine intelligence should also be utilized to authenticate price information and improve pricing judgments. This study presents a blockchain system that employs machine learning to address online shopping pricing changes This framework not only optimizes pricing strategies but also ensures transparency, security, and personalized customer experiences, making it a robust solution for the dynamic E-commerce environment. © 2025 Elsevier B.V., All rights reserved.","Blockchain integration; Customer segmentation; Dynamic pricing; E-commerce; Federated learning; Interoperability; Machine learning; Optimization algorithm; Pricing elasticity; Privacy-preserving","Adversarial machine learning; Blockchain; Block-chain; Blockchain integration; Customers segmentations; Dynamic pricing; Dynamic pricing models; Machine-learning; Optimization algorithms; Optimization framework; Pricing elasticities; Privacy preserving; Federated learning","Ghinea, G.; Semwal, V.B.; Khandare, A.","English","Conference paper","Final","","Scopus","2-s2.0-86000438556"
"Preethi, B.S.; Mishra, P.; Agarwal, R.","Preethi, B. S. (59586701500); Mishra, Pradeepta (58338472800); Agarwal, Rashmi (58144719700)","59586701500; 58338472800; 58144719700","Sales Prediction of FMCG Products in E-Commerce Platform","2025","Lecture Notes in Networks and Systems","1144","","","331","343","0","0","10.1007/978-981-97-7839-3_23","https://www.scopus.com/inward/record.uri?eid=2-s2.0-85218449107&doi=10.1007%2F978-981-97-7839-3_23&partnerID=40&md5=498299a9efb559f5827b5f4dc430a918","The growth of e-commerce has revolutionized the way consumers purchase Fast-Moving Consumer Goods (FMCG). Accurate sales prediction in e-commerce platforms is vital for inventory management, supply chain optimization, and business success. This abstract presents a sales prediction model designed for FMCG products in e-commerce. It employs Machine Learning (ML) techniques to analyze historical sales data, product attributes, customer behavior, and external factors for predicting sales trends. Furthermore, this research recognizes the significance of competitor analysis in the sales prediction framework. By integrating competitor data into the model, businesses can assess their market share, pricing strategies, promotions, and customer preferences. The model aims to provide a comprehensive understanding of competitors, enabling businesses to make informed decisions and gain a competitive advantage. This study focuses on predicting sales using an ML algorithm trained on Best Seller Data (BSR) data. The aim is to develop a model that accurately predicts sales by leveraging the relationships captured in the BSR data. Implemented Multiple Linear Regression along with three regularization techniques: Ridge Regression, Lasso Regression, and Elastic Net Regression. Among the regularization methods, Elastic Net Regression yielded the highest accuracy of 90.10%. This indicates that the Elastic Net Regression model was able to capture the relationships between the predictor variables and the target variable more effectively compared to the other regression models. © 2025 Elsevier B.V., All rights reserved.","Amazon BSR data; Competitor analysis; E-commerce platform; FMCG; Inventory management; Machine Learning; Sales prediction","Inventory control; Marketplaces; Multiple linear regression; Sales; Supply chain management; Amazon best seller data data; Commerce platforms; Competitor analysis; E- commerces; E-commerce platform; Elastic net; Fast moving consumer goods; Inventory management; Machine-learning; Sale predictions; Prediction models","Bansal, J.C.; Borah, S.; Hussain, S.; Salhi, S.","English","Conference paper","Final","","Scopus","2-s2.0-85218449107"
"Shan, W.","Shan, Wenli (58651206600)","58651206600","Optimal pricing strategies and decision-making systems in e-commerce using integrated fuzzy multi-criteria method","2025","Expert Systems","42","1","e13468","","","0","5","10.1111/exsy.13468","https://www.scopus.com/inward/record.uri?eid=2-s2.0-85174285281&doi=10.1111%2Fexsy.13468&partnerID=40&md5=6178fbb7cdbd9eb40d6e955656d5d29c","E-commerce online stores are now virtual platforms for connecting with millions of potential clients worldwide in the age of digitization. The marketing teams develop digital marketing tactics to attract traffic to their e-commerce sites and increase sales volume. With the vast amount of data provided by the cloud, decisions that were previously made with a significant level of intuition based on the knowledge and experience of decision-makers can now be backed using artificial intelligence algorithms. To identify the variables influencing pricing decisions for products launched on e-commerce shopping sites and to develop variable pricing techniques for each product found on an e-commerce site. This paper introduces a novel approach that applies Fuzzy association rule mining (FARM) and Fuzzy TOPSIS MCDM methodology. A B2B e-commerce marketing store based in Hong Kong has created and implemented Smart-Quo, a pricing decision support system for B2B e-commerce retail businesses. After a six-month trial period, there has been a substantial advance in the effectiveness and efficiency of choosing prices for each product. The case study illustrates the viability and potential advantages of implementing artificial intelligence tools in marketing management in the digital era. © 2024 Elsevier B.V., All rights reserved.","artificial intelligence; data mining; decision support system; e-commerce; fuzzy theory; market intelligence","Artificial intelligence; Costs; Data mining; Decision making; Decision theory; Electronic commerce; B2B e-commerce; Decision-making systems; E- commerces; E-commerce sites; Fuzzy theory; Market intelligence; Multi-criteria method; Optimal pricing; Pricing decision; Pricing strategy; Decision support systems","","English","Article","Final","","Scopus","2-s2.0-85174285281"
"Sahoo, D.; Mohanty, S.; Choudhury, A.R.; Panda, N.; Acharya, A.A.; Das, S.","Sahoo, Debabrata (59926316100); Mohanty, Sanjukta (46161422400); Choudhury, Anuradha Rani (59907727500); Panda, Namita (37861903300); Acharya, Arup Abhinna (57198072949); Das, Soumyaranjan (59926586100)","59926316100; 46161422400; 59907727500; 37861903300; 57198072949; 59926586100","AI-Driven Dynamic Pricing System","2025","","","","","","","0","0","10.1109/ASSIC64892.2025.11158335","https://www.scopus.com/inward/record.uri?eid=2-s2.0-105018119524&doi=10.1109%2FASSIC64892.2025.11158335&partnerID=40&md5=b647baded46af7907b1f00745b0219a6","The development and implementation of a Dynamic Pricing System offer a transformative approach to optimizing product pricing through historical sales data, market analysis, and customer behavior insights. Analyzing past sales trends ensures competitive pricing that aligns with market dynamics and customer preferences in real time. Central to its functionality is integrating a bargaining bot, designed to interact with customers during negotiations. This bot provides personalized pricing recommendations based on customer inputs, fostering tailored interactions that enhance the buying experience. Leveraging data-driven insights and automated negotiation, the system aims to maximize profitability, improve customer satisfaction, and simplify the pricing process for businesses. Its scalable and adaptable framework makes it wellsuited for modern e-commerce and retail environments, offering businesses a strategic advantage in dynamic market conditions. With its blend of intelligent pricing and interactive negotiation, the system represents a powerful tool for driving efficiency and customer engagement in pricing strategies. © 2025 Elsevier B.V., All rights reserved.","Automated Negotiation; Bargaining bot Integration; Customer Behavior; E-commerce; Foundational Dynamic Pricing; Market Analysis; Price Personalization; Profitability Optimization; Realtime Pricing; Sales Data","Artificial intelligence; Competition; Costs; Customer satisfaction; Information systems; Information use; Optimization; Profitability; Sales; Automated negotiations; Bargaining bot integration; Customer behavior; Dynamic pricing; Foundational dynamic pricing; Market analysis; Optimisations; Personalizations; Price personalization; Profitability optimization; Real time pricing; Sale data; Electronic commerce","Mishra, S.; Tripathy, H.K.; Mohanty, J.R.","English","Conference paper","Final","","Scopus","2-s2.0-105018119524"
"C.; Sudirman, I.D.","; Sudirman, Ivan Diryana (57211852601)","60130348900; 57211852601","Price Adjustment for Micro, Small, and Medium-Sized Enterprise Business Using Machine Learning","2025","","","","","1274","1278","0","0","10.1109/ICoDSA67155.2025.11157087","https://www.scopus.com/inward/record.uri?eid=2-s2.0-105018069941&doi=10.1109%2FICoDSA67155.2025.11157087&partnerID=40&md5=d975e7dc23bbd3a6feba563cc4342202","This study aims to investigate how price adjustments, when guided by machine learning techniques, can help micro, small, and medium enterprises (MSMEs) retain their customers and increase revenue. The research focuses on using historical sales data, specifically two years' worth of transactions to train predictive models that analyze the relationship between price changes and their impact on sales volume and revenue. By simulating various pricing scenarios, the study reveals that a modest price increase of 5% can lead to a measurable gain in revenue without significantly reducing customer demand. Conversely, selective discounting strategies can also stimulate sales, especially for price-sensitive products. Among the machine learning models tested, XGBoost demonstrated the highest level of accuracy, achieving an exceptional R2 score of 0.9995. This indicates the model's capability to explain almost all variations in the dataset with high precision. By leveraging this model, the study could simulate realistic market responses to price changes and derive optimal pricing strategies tailored for MSMEs. The findings emphasize the value of data-driven decision-making in pricing strategy. Rather than relying on intuition or trial-and-error, MSMEs can adopt machine learning to better understand customer behavior, identify patterns in sales data, and forecast the outcomes of pricing decisions. This approach empowers MSMEs to remain competitive in dynamic markets, optimize their revenue streams, and enhance customer satisfaction through smarter, more adaptive pricing mechanisms. In summary, machine learning offers a powerful toolset for transforming pricing into a strategic advantage for small businesses. © 2025 Elsevier B.V., All rights reserved.","dynamic pricing; machine learning; msmes; predictive model; xgboost","Behavioral research; Commerce; Competition; Costs; Customer satisfaction; Decision making; Learning algorithms; Machine learning; Prediction models; Sales; Dynamic pricing; Machine-learning; Micro-enterprises; Msmes; Predictive models; Price adjustment; Price changes; Pricing strategy; Small-and-medium enterprise; Xgboost; Learning systems","","English","Conference paper","Final","","Scopus","2-s2.0-105018069941"
"Saranya, G.; Kavya, R.; Kavya, B.; Nivedha, S.; Tracita, H.","Saranya, G. (57438066500); Kavya, R. S. (57210611255); Kavya, Bollineni (60106984900); Nivedha, S. (59553005700); Tracita, H. (60053936700)","57438066500; 57210611255; 60106984900; 59553005700; 60053936700","Optimizing Discount Strategies Using Machine Learning / Deep Learning Models with RPA Tool","2025","","","","","1497","1503","0","0","10.1109/ICIRCA65293.2025.11089831","https://www.scopus.com/inward/record.uri?eid=2-s2.0-105013618569&doi=10.1109%2FICIRCA65293.2025.11089831&partnerID=40&md5=41384bf5365fd6a531f61d7c4f0ef25b","Optimizing discount strategies using Machine Learning (ML) and Deep Learning (DL) models helps maximize sales while maintaining profitability and optimal discount rates. Unplanned discount strategies may not always yield the best results. In this study, a dataset was collected from Amazon using UiPath, a Robotic Process Automation (RPA) tool. The dataset includes television product details such as price, discount percentage, ratings, and other factors. Among ML models, Random Forest performed the best, achieving a 10-12 % improvement over Linear Regression and Decision Trees in terms of accuracy due to its ability to capture complex relationships in data. XGBoost showed slightly better performance than Random Forest, providing a 3-5% improvement due to its gradient boosting mechanism. In DL models, the Transformer-based model outperformed MLP and LSTM, reducing the error by 15-20% compared to MLP and by 8-10% compared to LSTM. The Transformer model effectively captured dependencies in the dataset, making it the most accurate for predicting optimal discounts. The findings provide insights into the most effective pricing strategies that businesses can use to maximize revenue while maintaining profitability. The final output of this research is a data-driven recommendation system that suggests optimal discount rates for products to enhance sales while minimizing revenue loss. © 2025 Elsevier B.V., All rights reserved.","Business Optimization; Deep Learning; E-commerce; Machine Learning; Pricing Strategy; RPA Tools; Sales Prediction; UiPath; Web Scrapping","Adaptive boosting; Automation; Data mining; Decision trees; E-learning; Electronic commerce; Learning systems; Profitability; Random forests; Recommender systems; Sales; Automation tools; Business optimization; Deep learning; Machine-learning; Pricing strategy; Process automation; Robotic process automation tool; Sale predictions; Uipath; Web scrapping","","English","Conference paper","Final","","Scopus","2-s2.0-105013618569"
"Irmak, T.","Irmak, Tuba (60039701300)","60039701300","Analysis of Order Cancellation Rates and Feature Weighting with Machine Learning: An E-Commerce Case Study","2025","Lecture Notes in Networks and Systems","1531 LNNS","","","763","770","0","0","10.1007/978-3-031-98304-7_82","https://www.scopus.com/inward/record.uri?eid=2-s2.0-105013080917&doi=10.1007%2F978-3-031-98304-7_82&partnerID=40&md5=b88747d1075fd6cb5a8ef7ed4d5f1590","In the e-commerce sector, identifying the weights of factors influencing cancellation rates and forecasting these rates in advance can enable businesses to make more informed and data-driven decisions. In this study, real sales data from an e-commerce company operating in Turkey and engaged in the sale of fashion jewelry and silver accessories on major online marketplaces was analyzed. The weights of the factors affecting product cancellation rates were determined using XGBoost, CatBoost Feature Importance, Permutation Importance, and SHAP (Shapley Additive Explanations) methods. Additionally, the performances of various machine learning algorithms—such as boosting models, Decision Tree, and Support Vector Regressor—were compared in terms of their ability to predict cancellation rates. According to the results, the CatBoost model achieved the highest performance across all metrics, providing the most accurate predictions with an R2 score of 0.9986. Based on feature importance analyses, the variable Customer_Cancelled_Order_Quantity was identified as the most influential feature by SHAP, CatBoost, and Permutation Importance methods, whereas the Net_Sales_Quantity variable was found to be the most significant according to the XGBoost model. The findings suggest that in order to reduce order cancellations, pricing strategies should be optimized, inventory management should be strengthened, and customer-focused processes should be improved. © 2025 Elsevier B.V., All rights reserved.","E-commerce; Feature Importance; Machine Learning","Computational methods; Decision trees; Forecasting; Inventory control; Learning algorithms; Learning systems; Machine learning; Sales; Case-studies; Data driven decision; E- commerces; Feature importance; Feature weighting; Machine-learning; Order cancellations; Performance; Real sales data; Shapley; Electronic commerce","Kahraman, C.; Oztaysi, B.; Cebi, S.; Cevik Onar, S.; Tolga, C.; Ucal Sari, I.; Otay, I.","English","Conference paper","Final","","Scopus","2-s2.0-105013080917"
"Vetsa, G.; Kovvuri, S.S.A.R.; Kanamarlapudi, P.K.; Barmavat, B.; Karey, K.S.P.; Swamidason, S.","Vetsa, Ganesh (60039739500); Kovvuri, Sai Surya Avinash Reddy (60040679500); Kanamarlapudi, Pavan Kumar (60040103300); Barmavat, Balaji (59735612500); Karey, Krupa Satya Prakash (60039732600); Swamidason, Iwin Thanakumar Joseph (57742545100)","60039739500; 60040679500; 60040103300; 59735612500; 60039732600; 57742545100","Adaptive Price Optimization: Leveraging Google Cloud AI for Real-Time Retail Transformation","2025","","","","","793","799","0","0","10.1109/ICICV64824.2025.11086002","https://www.scopus.com/inward/record.uri?eid=2-s2.0-105013071150&doi=10.1109%2FICICV64824.2025.11086002&partnerID=40&md5=7c933ecc60f23f97b7a7b1a3f82c2a70","Dynamic pricing optimization is a groundbreaking strategy that enables businesses to enhance sales, improve customer experience and stay competitive in rapidly changing business environments. Conventional pricing strategies that employ static models and historical data frequently does not have the ability to vary instantaneously according to the action of pricing strategies, or customer behaviour. This research article presents an end-to-end solution utilizing cloud-based artificial intelligence with Google Cloud technologies such as Vertex AI, BigQuery, and Cloud Run, to carry out real-time pricing optimization. Various ensemble-based machine learning prediction models, like Random Forest, XGBoost, LSTM and ARIMA time series models are used to predict prices and make real-time pricing predictions. This research article also highlights how the scalable, reliable, efficient and accurate system provide decision-makers with the capability to capture and incorporate observational data to establish reliable, data-driven pricing policies. Random Forest model performed best with the highest dynamic price prediction accuracy of 98.20% and mean absolute percentage error (MAPE) of 2.79 while compared with other state of art methods like LSTM, xgboost and lightGBM because it can learn intricate temporal relationships in price data. © 2025 Elsevier B.V., All rights reserved.","ARIMA; BigQuery; Cloud AI; Cloud Run; Data Privacy; Dynamic Pricing; Ethical AI; Google Cloud; LSTM; Machine learning; Pricing Strategies; Prophet; Random Forest; Real-Time Pricing; Retail Optimization; Time-Series Forecasting; Vertex AI; XGBoost","Arts computing; Behavioral research; Big data; Cloud computing; Costs; Decision making; Economics; Forecasting; Learning systems; Machine learning; Metadata; Prediction models; Random forests; Sales; Time series; ARIMA; Bigquery; Cloud AI; Cloud run; Dynamic pricing; Ethical AI; Google cloud; Google+; LSTM; Machine-learning; Optimisations; Pricing strategy; Prophet; Real time pricing; Retail optimization; Time series forecasting; Vertex AI; Xgboost; Data privacy","","English","Conference paper","Final","","Scopus","2-s2.0-105013071150"
"Ashok, S.; Athulya, S.; Thomas, J.","Ashok, Sakshi (58670755700); Athulya, S. (57200942092); Thomas, Jyothi (55891981600)","58670755700; 57200942092; 55891981600","Price Minds: AI-Driven Insights, Recommendations and Dynamic Pricing","2025","","","","","","","0","0","10.1109/AMATHE65477.2025.11080732","https://www.scopus.com/inward/record.uri?eid=2-s2.0-105012713891&doi=10.1109%2FAMATHE65477.2025.11080732&partnerID=40&md5=c148c0e92167674296721bcde552cf5b","This research aims to enhance e-commerce systems by leveraging customer behavior analysis, dynamic pricing, and personalized recommendations. With the increasing demand for tailored shopping experiences and competitive pricing, businesses require adaptive solutions. The study integrates synthetic and real-time customer data to identify purchasing patterns and segment customers effectively. Dynamic pricing strategies are applied to optimize revenue while maintaining customer satisfaction. A unified framework combines clustering techniques, real-time data streams, and decision-making models to deliver actionable insights for business operations. The proposed system dynamically adjusts pricing and recommends products based on individual customer preferences and behavior. The approach addresses the growing need for intelligent systems that adapt to market trends and consumer demands. Results demonstrate improved operational efficiency, better customer engagement, and enhanced profitability. This work highlights the importance of real-time analytics and intelligent pricing mechanisms in advancing e-commerce and creating competitive advantages in rapidly evolving markets. © 2025 Elsevier B.V., All rights reserved.","Artificial Intelligence; Customer Segmentation; Dynamic Pricing; Recommendation Systems; Reinforcement Learning","Behavioral research; Clustering algorithms; Competition; Costs; Customer satisfaction; Decision making; Electronic commerce; Intelligent systems; Sales; Adaptive solution; Competitive pricing; Customer behavior analysis; Customers segmentations; Dynamic pricing; E-commerce systems; Personalized recommendation; Real- time; Reinforcement learnings; Synthetic-time; Recommender systems","","English","Conference paper","Final","","Scopus","2-s2.0-105012713891"
"Zhang, G.","Zhang, Guangzeng (59188334200)","59188334200","Multi-Objective Hierarchical Reinforcement Learning with Online Meta-Learning for Dynamic Pricing Strategy Optimization","2025","Informatica (Slovenia)","49","26","","123","134","0","0","10.31449/inf.v49i26.8595","https://www.scopus.com/inward/record.uri?eid=2-s2.0-105012490525&doi=10.31449%2Finf.v49i26.8595&partnerID=40&md5=934498e7fd812cd4e2e245d885e227f1","In this study, we propose a Multi-Objective Hierarchical Reinforcement Learning (MOHRL) approach with online meta-learning for dynamic pricing strategy optimization. Our method utilizes hierarchical RL layers to decompose the pricing decision-making process and a meta-learning adapter to accelerate the cold start. We compare MOHRL with baseline methods like DQN and NSGA-II. Experimental results show that MOHRL outperforms DQN by 25% in profit and 18% in retention rate, and NSGA-II by 30% in market share over a 30-day simulation. The simulation system built based on 100,000+ SKU data of an e-commerce platform demonstrates MOHRL's superiority in real-time dynamic pricing, especially in cold start scenarios. Ablation experiments confirm that the meta-learning module significantly enhances performance, with a 41% contribution to the overall improvement. © 2025 Elsevier B.V., All rights reserved.","dynamic pricing; multi-objective optimization; online meta-learning; reinforcement learning; simulation system","Competition; Costs; Decision making; E-learning; Electronic commerce; Machine learning; Simulation platform; Dynamic pricing; Hierarchical reinforcement learning; Metalearning; Multi objective; Multi-objectives optimization; Online meta-learning; Pricing strategy; Reinforcement learnings; Simulation systems; Strategy optimization; Multiobjective optimization","","English","Article","Final","All Open Access; Gold Open Access","Scopus","2-s2.0-105012490525"
"Senthilkumar Renuka, S.R.; Seralathan, C.A.; Sachin, D.R.; Liviya L, M.; Jayakumar, S.S.; Anuradha, R.","Senthilkumar Renuka, Shree Raam (60023236400); Seralathan, C. A. (60023669700); Sachin, D. R. (60023092000); Liviya L, Maria (60023669800); Jayakumar, Shree Shakthivel (60023522200); Anuradha, Radhakrishnan (57190793852)","60023236400; 60023669700; 60023092000; 60023669800; 60023522200; 57190793852","Quick Commerce: Product Price Classification Using Machine Learning Algorithms","2025","","","","","","","0","0","10.1109/ICCRTEE64519.2025.11053083","https://www.scopus.com/inward/record.uri?eid=2-s2.0-105012161966&doi=10.1109%2FICCRTEE64519.2025.11053083&partnerID=40&md5=34f85995a19fdc6ea5a9acee8b429f07","Quick Commerce (Q-Commerce) is a trend that has led to the revolution of online retail by stressing on ultra-fast delivery within 10-30 minutes. In the current fast-paced market, dynamic prediction of products pricing plays an important role in optimizing pricing strategy and maintaining competitiveness. This paper compares classification methods for predicting products price categories in Q-Commerce, which is based on machine learning. For this, a thorough study is conducted on the data preprocessing and feature engineering and evaluating the classifiers: K-Nearest Neighbors (KNN), Naïve Bayes, Decision Tree, Random Forest, and Support Vector Machine (SVM). © 2025 Elsevier B.V., All rights reserved.","10-Minute Delivery; Data Preprocessing; Feature Engineering; Machine Learning; Product Price Prediction; Quick Commerce","Classification (of information); Classifiers; Competition; Cost engineering; Forecasting; Learning systems; Nearest neighbor search; Random forests; Support vector machines; 10 minutes; 10-minute delivery; Data preprocessing; Feature engineerings; Machine learning algorithms; Machine-learning; Price prediction; Product price; Product price prediction; Quick commerce; Decision trees","","English","Conference paper","Final","","Scopus","2-s2.0-105012161966"
"Bhattacharjee, D.; Navaneethakrishnan, K.; Ghosh, A.; Dubey, N.","Bhattacharjee, Debraj (56909675200); Navaneethakrishnan, K. (57194043757); Ghosh, Animesh (57885114900); Dubey, Naman (58848537000)","56909675200; 57194043757; 57885114900; 58848537000","Decoding the pricing determinants of refurbished smartphones within circular business model: an analytical approach","2025","Journal of Revenue and Pricing Management","","","","","","0","0","10.1057/s41272-025-00541-w","https://www.scopus.com/inward/record.uri?eid=2-s2.0-105011038776&doi=10.1057%2Fs41272-025-00541-w&partnerID=40&md5=66a0221eb18f4dc60afacbc3b114a583","The rise in online selling of refurbished products through e-commerce websites presents opportunities for circular business models (CBMs), particularly in the smartphone category. However, creating an appropriate pricing strategy is crucial due to multiple costs, including logistics, refurbishment, and packaging for sustaining a CBM. This study gathered 3454 secondary data on refurbished smartphones from Indian e-commerce sellers, practicing the CBMs, recording features like release year, usage, memory, battery capacity, connectivity technology, weight, screen size, and price. Five features were engineered based on the data, and brand perception was analyzed to determine pricing. The top ten features were ranked based on feature contribution in classifier models trained as per the machine learning models, namely, Random Forest, Gradient Boosting, Logistic Regression, and Neural Network. Gradient boosting and Neural network emerged as the best predictive models, with release year, screen size, memory, and weight being key factors influencing pricing strategy based on seller’s perspective. The days used, battery, both cameras, release year, and weight are the top five important features for a refurbished smartphone with high brand perception. On the contrary, days used, battery, release year, front camera, and screen size are the top five important features for lower brand perception in refurbished smartphones. These two sets of features were identified based on the consumer’s perspective. Four important price-determinant features were identified for both high and lower brand perception, and they are release year, mAh/gm, ROM/mp, and screen size. The differentiating feature for high brand perception is the operating system, and for lower brand perception, it is the front camera. Finally, information from sellers and consumers is utilized for designing a pricing strategy for attracting consumers for sustainable CBM based on refurbished smartphones as a product. © 2025 Elsevier B.V., All rights reserved.","Brand perception; Circular business model; Circular economy; Classification; Data visualization; Feature engineering; Feature selection; Machine learning","","","English","Article","aip","","Scopus","2-s2.0-105011038776"
"Ramalakshmi, P.; Senthil, G.A.; Geerthik, S.; Nanthini Priya, R.; Praveen, M.","Ramalakshmi, P. (57024170000); Senthil, G. A. (57657380500); Geerthik, S. (57191294337); Nanthini Priya, R. (59999006800); Praveen, M. (59999067100)","57024170000; 57657380500; 57191294337; 59999006800; 59999067100","Unified E-Commerce Platform Aggregator using NLP and Machine Learning Techniques","2025","","","","","1361","1366","0","0","10.1109/ICAISS61471.2025.11042138","https://www.scopus.com/inward/record.uri?eid=2-s2.0-105010772049&doi=10.1109%2FICAISS61471.2025.11042138&partnerID=40&md5=d183c14959022ee36675893a9cbb3d46","The study proposed the integration of Natural Language Processing (NLP) with Machine Learning (ML) techniques like ARIMA (Autoregressive Integrated Moving Average) and LSTM (Long Short-Term Memory) to develop a smart predictive system for e-commerce platforms. NLP extracts insights from customer feedback, product descriptions, and social media sentiments to understand customer preferences and market trends. ARIMA, a time-series forecasting model, predicts demand fluctuations based on historical sales data, enabling better stock management, while LSTM captures long-term dependencies in sequential data for more accurate forecasting and product recommendations. By combining these techniques, the system enhances decision-making, optimizes pricing strategies, and improves customer engagement through personalized recommendations. Additionally, it helps businesses maintain an efficient inventory system by reducing overstocking and stockouts, ultimately increasing profitability. This approach not only benefits businesses but also enhances the shopping experience by making e-commerce platforms more adaptive and responsive to changing market demands. The integration of NLP, ARIMA, and LSTM ensures a data-driven strategy that leverages AI and ML to transform the e-commerce industry through predictive analytics and intelligent decision-making. © 2025 Elsevier B.V., All rights reserved.","ARIMA (Autoregressive Integrated moving average); Data Aggregation; E-Commerce Aggregator; LSTM (Long Short-Term Memory); Natural Language Processing (NLP); Price Comparison; Product Comparison; Sales Forecasting; Unified E-Commerce Platform","Autoregressive moving average model; Behavioral research; Costs; Data mining; Decision making; Electronic commerce; Information management; Inventory control; Learning algorithms; Learning systems; Predictive analytics; Sales; Auto-regressive; Autoregressive integrated moving average; Commerce platforms; Data aggregation; E-commerce aggregator; Language processing; Long short-term memory; Moving averages; Natural language processing; Natural languages; Price comparisons; Product comparison; Sales forecasting; Short term memory; Unified E-commerce platform","","English","Conference paper","Final","","Scopus","2-s2.0-105010772049"
"Lalitha, R.; Aisvarya, S.; Dhanusree, A.R.; Sreelekha, S.; Hanne Jenifer, R.","Lalitha, R. (56785967700); Aisvarya, S. (59988240300); Dhanusree, A. R. (59987279500); Sreelekha, Pavuluri Jhansi (58902638500); Hanne Jenifer, R. (59988047300)","56785967700; 59988240300; 59987279500; 58902638500; 59988047300","Enhanced sales forecasting of perishable and non- perishable goods using weather data with insights on Imports and price sensitivity","2025","","","","","","","0","0","10.1109/RMKMATE64874.2025.11042488","https://www.scopus.com/inward/record.uri?eid=2-s2.0-105010545699&doi=10.1109%2FRMKMATE64874.2025.11042488&partnerID=40&md5=c5581613f50098460c63501dc43be582","In the competitive restaurant industry, success hinges on accurate demand forecasting and optimal pricing strategies. Weather factors such as temperature, rain, and seasonal changes significantly impact consumer behavior, particularly affecting sales of goods categorized as highly perishable (e.g., fresh produce, dairy), perishable (e.g., bread, meat), and non-perishable (e.g., canned goods, dry ingredients). The project leverages historical weather patterns, ingredient prices, and machine learning to forecast sales and implement dynamic pricing, with a focus on import status and price sensitivity. Using Random Forest and ARIMA models, the system conducts time series analysis for precise demand prediction. Built with Python and utilizing libraries like scikit-learn and pandas, the project processes real-time weather and ingredient price data to enable timely price adjustments and inventory management. The data-driven approach empowers restaurants to maximize revenue, optimize menu pricing, and enhance customer satisfaction in a fluctuating market. © 2025 Elsevier B.V., All rights reserved.","ARIMA; Demand forecasting; dynamic pricing; highly perishable goods; import status; machine learning; non-perishable goods; perishable goods; price sensitivity; Random Forest; real-time data; restaurant sales; time series analysis; weather data","Consumer behavior; Costs; Customer satisfaction; Economics; Information management; Inventory control; Learning systems; Machine learning; Random forests; Sales; Sensitivity analysis; Thermal processing (foods); Weather forecasting; ARIMA; Demand forecasting; Dynamic pricing; Highly perishable good; Import status; Machine-learning; Non-perishable good; Perishable goods; Price sensitivity; Real-time data; Restaurant sale; Time-series analysis; Weather data; Time series analysis","","English","Conference paper","Final","","Scopus","2-s2.0-105010545699"
"Ma, J.; Dong, J.; Tu, Y.","Ma, Jun (57194083698); Dong, June Qiong (7403365043); Tu, Yiliu (58304532800)","57194083698; 7403365043; 58304532800","Pricing and AI Technology Adoption Decisions in a Competitive Supply Chain Network","2025","Lecture Notes in Business Information Processing","550 LNBIP","","","349","360","0","0","10.1007/978-3-031-94187-0_29","https://www.scopus.com/inward/record.uri?eid=2-s2.0-105008650735&doi=10.1007%2F978-3-031-94187-0_29&partnerID=40&md5=516ba5c96c709efc3bda19fc6d85f2d8","This paper develops an equilibrium model to investigate pricing and technology upgrade decisions in the context of supply chain versus supply chain competition. The model considers a two-echelon supply chain where manufacturers and retailers make decisions on pricing, output, and artificial intelligence technology upgrades. Demand is influenced by both price and service level, and technology upgrades implicitly enhance customer utility by improving the service level. These interdependencies across the supply chain significantly impact overall profitability. Consequently, pricing and technology upgrade decisions must be optimized collectively rather than in isolation. Three key features of this model are highlighted: First, our model is built upon the context of supply chain versus supply chain competition, rather than the context of firm versus firm competition. Second, it integrates pricing and technology upgrade decisions to enhance the overall performance of a supply chain network. The interplay between pricing strategies, technological advancements, and customer utility is analyzed to improve supply chain efficiency and competitiveness. Third, the model assumes that heterogeneous customers are sensitive to both price and service level, with technology upgrades playing a pivotal role in shaping customer preferences. We utilize variational inequalities to characterize the equilibrium conditions of the supply chain, enabling robust analysis and decision-making. This study provides a novel framework for understanding pricing and technology upgrade strategies in a competitive supply chain network, offering actionable insights for decision-makers seeking to optimize supply chain performance and enhance customer satisfaction in competitive markets. © 2025 Elsevier B.V., All rights reserved.","Network Equilibrium Model; Supply Chain Network Management; Technology Adoption; Variational Inequalities","Artificial intelligence; Competition; Costs; Decision making; Information use; Optimization; Public utilities; Sales; Supply chain management; Supply chains; Variational techniques; Competitive supply chains; Network equilibrium models; Networks management; Service levels; Supply chain network; Supply chain network management; Technology adoption; Technology upgrade; Upgrade decisions; Variational inequalities; Customer satisfaction","Tu, Y.P.; Chi, M.","English","Conference paper","Final","","Scopus","2-s2.0-105008650735"
"Al-Mahadeen, L.; Rathod, M.K.; Sulaiman, S.F.; Deepika, K.; Teltumbade, G.R.; Saravanakumar, R.","Al-Mahadeen, Layth (58687907200); Rathod, Maulik K. (59949996800); Sulaiman, Sakar Fatah (59704399800); Deepika, K. (59348739600); Teltumbade, Ganesh Ramesh (58175416200); Saravanakumar, Rengaraj (55587425400)","58687907200; 59949996800; 59704399800; 59348739600; 58175416200; 55587425400","Artificial Intelligence and Dynamic Pricing Strategies: Enhancing Competitiveness in E-Commerce","2025","","","","","","","0","0","10.1109/ICSSES64899.2025.11009613","https://www.scopus.com/inward/record.uri?eid=2-s2.0-105008352799&doi=10.1109%2FICSSES64899.2025.11009613&partnerID=40&md5=2d01a424c1a9aeb8d845a0d6febcac22","Dynamic pricing is vital for e-commerce companies to adapt to the dynamic pricing techniques if they have to maximize their revenues without having too much stock. To efficiently respond to changes in demand, accurate demand forecasting is central to the process of making changes in pricing. The main problem with conventional approaches to price determination is that usually there is no way the price can be changed in response to changes in the market. New developments in Fourier Analysis Networks (FANs) and Reinforcement Learning (RL) present the potential for improving demand forecasts and price optimization. The objective of this work is to implement FANs for demand forecasting in parallel to an RL agent for dynamic pricing and fine-tune the RL agent via Hyperband as the hyperparameter tuning method to create an efficient and adaptive pricing model. Thus, the integration of time series demand forecast with dynamic pricing mechanism allows for daily business to change their prices according to the forecasted demands, market status, and competitive prices. The hybrid system takes the demand forecast from the FANs to facilitate the RL agent's decision to set appropriate prices. RL agent acts with the environment, changing prices based on the forecasts of demand and stock, as well as the prices of competitors. Hyperband optimization, therefore, refines the hyperparameters of the agent to increase efficiency. The findings show how the implementation of the proposed hybrid system exceeds conventional pricing models. The demand forecast accuracy of the model stood at 95.65% to achieve better revenues uplifts. The presented framework provides the e-commerce companies with the opportunity for better adjustment and implementation of different pricing strategies to increase profitability and minimize the time spent on identification of different conditions on the market. © 2025 Elsevier B.V., All rights reserved.","Demand Forecasting; Dynamic Pricing; E-commerce; Fourier Analysis Networks (FANs); Hyperband Optimization; Real-time Pricing; Reinforcement Learning (RL)","Artificial intelligence; Competition; Costs; Forecasting; Fourier analysis; Hybrid systems; Optimization; Demand forecasting; Dynamic pricing; Fourier analyze network; Fourier's analysis; Hyperband; Hyperband optimization; Optimisations; Real time pricing; Reinforcement learning; Reinforcement learnings; Electronic commerce","","English","Conference paper","Final","","Scopus","2-s2.0-105008352799"
"Daruvuri, R.; Patibandla, K.K.; Mannem, P.","Daruvuri, Rajesh (59778016100); Patibandla, Kiran Kumar (59934130100); Mannem, Pravallika (59934855500)","59778016100; 59934130100; 59934855500","Data Driven Retail Price Optimization using XGBoost and Predictive Modeling","2025","","","","","220","225","0","1","10.1109/ICICCS65191.2025.10984940","https://www.scopus.com/inward/record.uri?eid=2-s2.0-105007520276&doi=10.1109%2FICICCS65191.2025.10984940&partnerID=40&md5=a5683213e6b21978c177bacc479ae5c7","Retail price optimization is a critical challenge in contemporary commerce, requiring robust methodologies to balance profitability and market competitiveness. This study introduces a data-driven framework employing advanced machine learning models, particularly XGBoost, to predict sales quantities, assess price elasticity, and determine optimal pricing strategies for diverse product categories. By leveraging historical sales data, seasonality indices, and category-specific attributes, the proposed approach effectively captures complex non-linear relationships that traditional models fail to address. Comprehensive experiments reveal XGBoost's superior performance in comparison to linear regression and other baseline methods, achieving lower Mean Absolute Error (MAE) and Root Mean Squared Error (RMSE) across multiple datasets. Furthermore, optimal price simulations indicate significant opportunities for revenue enhancement through targeted pricing adjustments. Visual and tabular analyses underscore the importance of seasonality and category-specific dynamics in shaping sales trends and pricing strategies. The findings validate the efficacy of the proposed framework in addressing the multifaceted demands of retail price optimization, paving the way for more informed and profitable decision-making in retail operations. © 2025 Elsevier B.V., All rights reserved.","machine learning; price elasticity; Retail price optimization; sales forecasting; seasonality analysis; XGBoost","Decision making; Mean square error; Data driven; Machine-learning; Price optimisation; Price-elasticity; Pricing strategy; Retail price; Retail price optimization; Sales forecasting; Seasonality analysis; Xgboost; Sales","","English","Conference paper","Final","","Scopus","2-s2.0-105007520276"
"Li, A.","Li, Aiqi (59926828900)","59926828900","Time Series Decision Analysis Based on Least Squares Method and LSTM","2025","Procedia Computer Science","261","","","29","37","0","0","10.1016/j.procs.2025.04.168","https://www.scopus.com/inward/record.uri?eid=2-s2.0-105007142207&doi=10.1016%2Fj.procs.2025.04.168&partnerID=40&md5=5207271a01bf60487fa203c644d58117","This study explores a novel approach combining the least squares technique with LSTM neural networks for time series analysis in decision-making processes. The research framework leverages the precise parameter estimation capabilities of least squares for establishing variable relationships, while utilizing LSTM's advanced pattern recognition to identify temporal dependencies in sequential data. Through practical implementation, the methodology establishes quantitative relationships between sales performance and pricing strategies using least squares, while employing LSTM architecture for forecasting inventory replenishment needs. The proposed analytical framework demonstrates significant capability in identifying complex temporal patterns, offering empirical evidence for data-informed corporate decision-making. Experimental outcomes substantiate the methodology's efficacy, presenting innovative tools and insights for temporal data analysis applications. © 2025 Elsevier B.V., All rights reserved.","Least Squares Method; LSTM Network; Optimal Cost-Plus Pricing; Replenishment Decision; Time Series Analysis","Cost benefit analysis; Data reduction; Time series; Least Square; Least squares techniques; Least-squares- methods; LSTM network; Neural-networks; Optimal cost-plus pricing; Optimal costs; Replenishment decision; Time-series analysis; Times series; Risk perception","Zhao, J.; Macintyre, J.; Ye, J.","English","Conference paper","Final","All Open Access; Gold Open Access","Scopus","2-s2.0-105007142207"
"Berry, S.; Bozanta, A.; Cevik, M.; Bulut, B.; Yigit, D.; Gonen, F.F.; Basar, A.","Berry, Sean (57652896500); Bozanta, Aysun (56108389000); Cevik, Mucahit (56251503100); Bulut, Beste (57271707600); Yigit, Deniz (57272131200); Gonen, Fahrettin Firat (54879746200); Basar, Ayse (21742123700)","57652896500; 56108389000; 56251503100; 57271707600; 57272131200; 54879746200; 21742123700","Time series clustering for grouping products based on price and sales patterns","2025","Information Technology and Management","","","106435","","","0","0","10.1007/s10799-025-00455-4","https://www.scopus.com/inward/record.uri?eid=2-s2.0-105006775176&doi=10.1007%2Fs10799-025-00455-4&partnerID=40&md5=aaaf0212910d9d18255820c8f32d2f0b","Developing technology and changing lifestyles have made online grocery delivery applications an indispensable part of urban life. Since the beginning of the COVID-19 pandemic, the demand for such applications has dramatically increased, creating new competitors that disrupt the market. An increasing level of competition might prompt companies to frequently restructure their marketing and product pricing strategies. Therefore, identifying the change patterns in product prices and sales volumes would provide a competitive advantage for the companies in the marketplace. In this paper, we investigate alternative clustering methodologies to group the products based on price patterns and sales volumes. We propose a novel distance metric that takes into account how product prices and sales move together rather than calculating the distance using numerical values. We compare our approach with traditional clustering algorithms, which typically rely on generic distance metrics such as Euclidean distance, and image clustering approaches that aim to group data by capturing its visual patterns. We evaluate the performances of different clustering algorithms using our custom evaluation metric as well as Calinski Harabasz and Davies Bouldin indices, which are commonly used internal validity metrics. We conduct our numerical study using a propriety Getir dataset from an online food and grocery delivery company, and the publicly available Favorita sales dataset. We find that our proposed clustering approach and image clustering both perform well for finding products with similar price and sales patterns within large datasets. © 2025 Elsevier B.V., All rights reserved.","Image clustering; Machine learning; Product pricing and sales; Time series clustering; Unsupervised learning","","","English","Article","aip","","Scopus","2-s2.0-105006775176"
"Ke, Y.; Wisaeng, K.","Ke, Yihan (59915816600); Wisaeng, Kittipol (55316963900)","59915816600; 55316963900","Factors Influencing Consumers’ Behavior Towards Chinese Products on E-Commerce Platforms in Thailand","2025","International Journal of Analysis and Applications","23","","108","","","0","0","10.28924/2291-8639-23-2025-108","https://www.scopus.com/inward/record.uri?eid=2-s2.0-105006709994&doi=10.28924%2F2291-8639-23-2025-108&partnerID=40&md5=a7eaadd03a3a88de0600f8992e1c8bbe","The rapid growth of e-commerce in Thailand has reshaped consumer purchasing behavior, particularly concerning Chinese-branded products on leading platforms such as Shopee and Lazada. This study investigates the key factors influencing Thai consumers' purchasing decisions regarding Chinese-branded smartphones. By employing a machine learning model, the research identifies determinants such as product attributes, brand reputation, pricing strategies, and consumer reviews that significantly impact purchasing choices. The study utilizes data collected from 300 students across six regions in Thailand. It applies analytical methods such as Association Rule Mining (ARM), Support Vector Machine (SVM), and Decision Tree (DT) techniques to examine consumer behavior patterns. The findings reveal that detailed product descriptions, competitive pricing, and social influence are crucial in consumer decision-making. Mobile commerce and digital payment methods have also shaped Thailand's e-commerce landscape. The insights derived from this study provide strategic recommendations for businesses aiming to enhance market positioning, improve customer engagement, and develop targeted marketing strategies to boost sales of Chinese-branded smartphones in Thailand. © 2025 Elsevier B.V., All rights reserved.","Chinese-branded smartphones; consumer behavior; decision tree; decision-making factors; E-commerce; support vector machine","","","English","Article","Final","All Open Access; Gold Open Access","Scopus","2-s2.0-105006709994"
"Sudirman, I.D.; Rahmah, R.","Sudirman, Ivan Diryana (57211852601); Rahmah, Rosyidah (58080858100)","57211852601; 58080858100","Dynamic Pricing Optimization for Coffee Shops Using a Machine Learning Approach with Random Forest Models","2025","","","","","1282","1286","0","0","10.1109/ICDT63985.2025.10986336","https://www.scopus.com/inward/record.uri?eid=2-s2.0-105006456435&doi=10.1109%2FICDT63985.2025.10986336&partnerID=40&md5=5395098e5d29aaa0ba8e0dc392264a1b","This study looks at how dynamic pricing can help coffee shops make more revenue using machine learning. It uses three months of sales data to find patterns and predict the effects of price changes. Simulations show that raising prices by 10% during afternoon peak hours brings the most revenue, while discounts and other adjustments also boost profits. A Random Forest model, with a strong predictive score (R2 = 0.984), captures the trends effectively. The results highlight how machine learning combined with point-of-sale systems can create smarter pricing strategies that match customer habits, driving both profits and satisfaction. © 2025 Elsevier B.V., All rights reserved.","Coffee shop revenue; Dynamic pricing; Machine learning; Predictive modeling; Random Forest","Coffee shop revenue; Coffee shops; Dynamic pricing; Machine learning approaches; Machine-learning; Optimisations; Predictive models; Price changes; Random forest modeling; Random forests; Shopping centers","","English","Conference paper","Final","","Scopus","2-s2.0-105006456435"
"Xue, Y.; Dong, Y.; Chong, C.","Xue, Yuhan (58684872800); Dong, Yiting (59896563700); Chong, Wu (7405579058)","58684872800; 59896563700; 7405579058","Projection neural networks for sample-regular product optimization model","2025","International Journal of Machine Learning and Cybernetics","","","108778","","","0","0","10.1007/s13042-025-02661-6","https://www.scopus.com/inward/record.uri?eid=2-s2.0-105005102338&doi=10.1007%2Fs13042-025-02661-6&partnerID=40&md5=d7e39e44be0ca3d8dae40b909d528b7d","Reducing product fit uncertainty is a critical strategy for retailers to enhance sales and profitability in e-commerce. This paper proposes an optimization-based product sampling strategy to improve sales promotion and profits using recurrent neural networks (RNN) method. Unlike conventional selling modes, the strategy allows consumers to purchase discounted product samples while receiving coupons for subsequent full-priced purchases. A profit optimization model is formulated incorporating constraints such as production costs. The methodological breakthrough lies in introducing RNN to solve this constrained optimization problem, offering a novel approach to dynamic pricing and marketing strategy optimization. In addition, a projection method has been introduced to avoid the additional operation of normalizing product prices in existing methods. The proposed RNN-based framework ensures real-time adaptability, robustness, and efficient convergence, which addresses the complexities of sample distribution and coupon redemption and provides a new perspective on pricing strategies for retailers. The feasibility and effectiveness of the model are demonstrated through numerical simulations, providing valuable insights for retailers seeking promotion-driven pricing strategies. © 2025 Elsevier B.V., All rights reserved.","Optimization with constraints; Projection operator; Recurrent neural networks; Sale promotion","Neural-networks; Optimisations; Optimization models; Optimization with constraint; Pricing strategy; Product optimization; Projection neural network; Projection Operator; Sales promotions; Uncertainty; Sales","","English","Article","aip","","Scopus","2-s2.0-105005102338"
"Malavika, V.; Mabel, N.M.; Dmonte, C.I.; Zaid, M.; Pramiee, L.J.","Malavika, V. K. (58151152900); Mabel, Nikita M. (59787294900); Dmonte, Chantelle I. (59790814600); Zaid, Mohammed (59793197600); Pramiee, Lenish J. (59739370400)","58151152900; 59787294900; 59790814600; 59793197600; 59739370400","Fair Price Prediction for Farmers: Leveraging Freshness of Perishable Goods Through Machine Learning and Sustainable Practices","2025","","","","","188","195","0","0","10.1109/CSNT64827.2025.10968584","https://www.scopus.com/inward/record.uri?eid=2-s2.0-105004557205&doi=10.1109%2FCSNT64827.2025.10968584&partnerID=40&md5=248da4e2438337dbefc936d8d88794e9","Fresh produce enhances sales and promotes better health, whereas stale stock leads to financial losses and significant food wastage. Additionally, inefficiencies in the perishable food supply chain contribute to sustainability challenges. This study proposes a system that integrates freshness classification and fair pricing mechanisms to support farmers and mitigate waste. The approach employs the VGG-16 model to classify produce as fresh or rotten, achieving 96.88% accuracy. Further freshness analysis is conducted using image processing techniques such as edge analysis with the Laplacian of Gaussian (LoG), texture analysis with Local Binary Patterns (LBP), and color analysis using the HSV model, yielding accuracies of 82%, 86%, and 87%, respectively. A computed freshness index enables shelf-life estimation, helping optimize inventory management and reduce waste. Additionally, a fair pricing model based on the freshness index ensures that farmers receive equitable compensation for their produce. The SARIMAX model, used for price prediction, achieves a Mean Absolute Percentage Error (MAPE) of 28.18%. By linking freshness assessment with pricing, this framework incentivizes better agricultural practices, enhances efficiency, promotes sustainability, and minimizes environmental impact. The proposed system contributes to a resilient and eco-friendly perishable food supply chain, benefiting both farmers and consumers. © 2025 Elsevier B.V., All rights reserved.","Artificial Intelligence; Computer Vision; Fair Price; Freshness Analysis; Freshness Classification; Freshness Index; Image Processing; Machine Learning; Shelf Life; Time Series Forecasting","Agricultural wastes; Cost benefit analysis; Image correlation; Optical flows; Waste utilization; Fair price; Food supply chain; Freshness analyze; Freshness classification; Freshness index; Images processing; Machine-learning; Price prediction; Shelf life; Time series forecasting; Photointerpretation","","English","Conference paper","Final","","Scopus","2-s2.0-105004557205"
"Guo, X.; Zhang, L.","Guo, Xiaochen (59755854900); Zhang, Lei (59755690700)","59755854900; 59755690700","Dynamic Pricing Models in E-Commerce: Exploring Machine Learning Techniques to Balance Profitability and Customer Satisfaction","2025","IEEE Access","13","","","72994","73002","0","1","10.1109/ACCESS.2025.3563371","https://www.scopus.com/inward/record.uri?eid=2-s2.0-105003622435&doi=10.1109%2FACCESS.2025.3563371&partnerID=40&md5=49e4a68d43e749974d75d7d4fd27de2b","This research investigates the application of Recurrent Neural Networks (RNNs), specifically Long Short-Term Memory (LSTM) networks, paired with gradient-based optimization techniques for dynamic pricing in e-commerce. The primary objective is to develop a pricing model that effectively balances profitability with customer satisfaction by leveraging sequential data, such as time-series and customer behavior patterns. The approach utilizes LSTM’s ability to capture long-term dependencies in sequential data, while optimization methods like Stochastic Gradient Descent (SGD) enhance model convergence and performance. Key findings include the superior predictive accuracy of LSTM-based models over traditional approaches like Linear Regression and Decision Trees, particularly in real-time data updates and price elasticity scenarios. Additionally, the analysis revealed that LSTM models could efficiently adapt pricing strategies in response to market dynamics, significantly improving profitability while maintaining customer satisfaction. This study provides valuable insights into the application of advanced machine learning techniques in e-commerce pricing. The results suggest that LSTM-based dynamic pricing models could optimize revenue generation, offering substantial implications for pricing strategy development in modern retail environments. Future work may explore hybrid models and multi-objective optimization techniques to further refine these models. © 2025 Elsevier B.V., All rights reserved.","customer satisfaction; Dynamic pricing; E-commerce; gradient-based optimization; long short-term memory (LSTM); machine learning; profitability; recurrent neural networks (RNNs); sequential data; stochastic gradient descent (SGD)","Electronic money; Marketplaces; Mobile commerce; Quality function deployment; Sales; Stochastic models; Customers' satisfaction; Dynamic pricing; Gradient-based optimization; Long short-term memory; Machine-learning; Neural-networks; Recurrent neural network; Sequential data; Short term memory; Stochastic gradient descent; User experience","","English","Article","Final","All Open Access; Gold Open Access","Scopus","2-s2.0-105003622435"
"Apte, M.; Datar, P.; Kale, K.; Deshmukh, P.R.","Apte, Mohit (59341948100); Datar, Pranav (59476942100); Kale, Ketan (59476680000); Deshmukh, Pratiksha Vilas (57218274515)","59341948100; 59476942100; 59476680000; 57218274515","Dynamic Retail Pricing via Q-Learning - A Reinforcement Learning Framework for Enhanced Revenue Management","2025","","","","","","","0","2","10.1109/ICAET63349.2025.10932302","https://www.scopus.com/inward/record.uri?eid=2-s2.0-105002472696&doi=10.1109%2FICAET63349.2025.10932302&partnerID=40&md5=e4c258056957c4b4de7bc4c578a247b6","This study examines how a reinforcement learning (RL) framework, utilizing the Q-Learning algorithm, can improve dynamic pricing techniques in retail. Contrary to conventional pricing methodologies, which often depend on fixed demand assumptions, our RL-based strategy adapts continuously to changing market situations, thereby providing a more adaptable and responsive pricing mechanism. By constructing a simulated retail environment, we show how RL efficiently tackles real-time shifts in consumer behavior and market conditions, resulting in superior revenue performance. Our findings highlight not only the RL model's ability to outperform traditional methods in revenue generation, but also its capacity to reveal intricate relationships between price sensitivity and demand. This research demonstrates the significant promise of artificial intelligence-driven approaches to economic decision-making, and it outlines how more advanced, data-focused pricing strategies can be used across varied commercial fields. © 2025 Elsevier B.V., All rights reserved.","Dynamic Pricing; Operations Research; Price Elasticity; Q-Learning; Reinforcement Learning; Revenue Management","Costs; Reinforcement learning; Sales; Dynamic pricing; Learning frameworks; Market situation; Operation research; Price-elasticity; Q-learning; Q-learning algorithms; Reinforcement learnings; Retail pricing; Revenue management; Adversarial machine learning","","English","Conference paper","Final","","Scopus","2-s2.0-105002472696"
"Ma, J.; Li, X.; Guo, J.; Li, Q.","Ma, Jingxuan (59302752700); Li, Xin (59725838200); Guo, Jiajie (59726511500); Li, Qiuyue (56142750000)","59302752700; 59725838200; 59726511500; 56142750000","A Solution to the Problem of Retail Credit Risk Pricing Problem Based on the Machine Learning XGBoost Algorithm","2025","Lecture Notes of the Institute for Computer Sciences, Social-Informatics and Telecommunications Engineering, LNICST","605 LNICST","","","172","186","0","0","10.1007/978-3-031-86196-3_15","https://www.scopus.com/inward/record.uri?eid=2-s2.0-105002050285&doi=10.1007%2F978-3-031-86196-3_15&partnerID=40&md5=a248fb596d9d6953e9d078122180cf88","Machine learning algorithms, represented by logistic regression and decision tree algorithms, have a wide range of applications in retail credit risk management, such as anti fraud models, application scoring models, behavioural scoring models and overdue collection scoring models, which are used to assess the credit risk level of customers at different stages of the retail credit process. The integrated decision tree model, represented by the XGBoost algorithm, constructs the model using more variables and although it lacks the necessary interpretability, its predictions are more accurate. Traditional retail risk pricing typically uses a preapplication scoring model to enforce different product prices for customers with different risk ratings. Based on the XGBoost algorithm and personal credit information from the People’s Bank of China and other tripartite credit bureaus, we attempt to develop a retail risk pricing model based on the actual loan disbursement of the customers, which is used to apply different product prices to customers with different risk ratings, while at the same time remarketing to customers who have not disbursed historically. The data for the construction of the retail risk pricing model are taken from a retail personal loan business of a financial institution, and customers who are approved but not actually withdraw money are marked as 1, while those who are approved and actually withdraw money are marked as 0. © 2025 Elsevier B.V., All rights reserved.","Machine learning XGBoost algorithm; Personal credit data; Retail credit risk pricing","Decision trees; Sales; Credit data; Credit risks; Machine learning xgboost algorithm; Machine-learning; Personal credit; Personal credit data; Retail credit; Retail credit risk pricing; Risk pricing; Scoring models","Chen, H.-H.; Meng, W.","English","Conference paper","Final","","Scopus","2-s2.0-105002050285"
"Lu, C.; Zhao, Y.; Du, Y.; Liu, M.","Lu, Caixia (59697596600); Zhao, Yuanyuan (57222724184); Du, Ye (59698656100); Liu, Mingming (58737419700)","59697596600; 57222724184; 59698656100; 58737419700","Enhancing Business Data Integration and Accuracy Through Federated Models: A Case Study in Electricity Customer Enterprises","2025","Lecture Notes on Data Engineering and Communications Technologies","235","","","889","901","0","0","10.1007/978-981-96-0211-7_80","https://www.scopus.com/inward/record.uri?eid=2-s2.0-105000316897&doi=10.1007%2F978-981-96-0211-7_80&partnerID=40&md5=9260761a551134bb8326e6e65573fdb5","In the era of digital transformation, managing complex data applications in the electricity sector demands innovative approaches to enhance accessibility, accuracy, and strategic utility. This paper introduces and explores the implementation of three pivotal business federated data models tailored for electricity customer enterprises. Firstly, the Marketing Enterprise Information Screening Model filters and de-duplicates non-residential electricity users, ensuring the accuracy and reliability of customer records for effective marketing strategies. Secondly, the Equity Penetration-Based Economic Composition Labeling Model classifies enterprise nature through sophisticated equity analysis, enabling customized service strategies and pricing models. Thirdly, the Multi-source Information-Based Intelligent Enterprise Archive Matching Model integrates diverse data sources using advanced algorithms, ensuring comprehensive customer data integration and accuracy. Grounded in data middle platform capability architecture and data governance theories, these models optimize data assets and foster a cohesive business-data ecosystem. Their implementation supports digital transformation goals by facilitating a unified grid view, real-time monitoring, and efficient material management. Furthermore, they contribute to a multi-dimensional benefit management system, enhancing financial transparency and operational efficiency. By prioritizing data integrity, accessibility, and strategic alignment, these models propel our organization towards greater agility and competitiveness in the evolving energy landscape. As we refine and expand these frameworks, we anticipate continuous improvements in decision-making and operational excellence, cementing our leadership in the electricity sector’s digital frontier. © 2025 Elsevier B.V., All rights reserved.","Business federated data models; Data integration; Machine learning","Data integrity; Sales; Business data; Business federated data model; Case-studies; Complex data; Data application; Digital transformation; Electricity customers; Electricity sector; Machine-learning; Sector demand; Data accuracy","","English","Conference paper","Final","","Scopus","2-s2.0-105000316897"
"Nowak, M.; Pawłowska-Nowak, M.","Nowak, Marcin L. (57209148117); Pawłowska-Nowak, Marta (58768079000)","57209148117; 58768079000","Dynamic Pricing Method in the E-Commerce Industry Using Machine Learning","2024","Applied Sciences (Switzerland)","14","24","11668","","","0","7","10.3390/app142411668","https://www.scopus.com/inward/record.uri?eid=2-s2.0-85213225779&doi=10.3390%2Fapp142411668&partnerID=40&md5=3241039f4cee7c88d3c1d167d5484f81","Featured Application: The proposed dynamic pricing method provides an actionable tool for e-commerce managers aiming to enhance their pricing strategies with real-time adjustments based on customer behavior, competitor pricing, and market dynamics. Through this approach, e-commerce platforms can efficiently leverage machine learning to personalize pricing at an individual customer level, ultimately maximizing revenue opportunities and customer satisfaction. Beyond direct pricing optimization, this method can also be adapted as a robust decision support system for small to medium-sized online retailers. By integrating user-specific purchasing data, the model can help predict optimal pricing actions, enabling businesses to navigate highly competitive markets while maintaining profitability and customer loyalty. One of the key areas of contemporary marketing is the formulation of a pricing strategy, which is one of the four pillars of the traditional marketing mix. One way to implement this strategy is through dynamic pricing. It is currently gaining popularity in many industries for two reasons. Firstly, it is possible, easy, and cheap to collect information about transactions and customers. Secondly, machine learning mechanisms, for which these data are essential, are becoming widely available. The aim of this article is to propose a dynamic pricing method for the e-commerce industry. To achieve this goal, machine learning methods such as the Naive Bayes classifier, support vector machines (linear and nonlinear), decision trees, and the k-nearest neighbor algorithm were used. The empirical results indicate that the linear support vector machine achieved the highest accuracy (86.92%), demonstrating the model’s effectiveness in classifying pricing decisions. This article aligns with two leading research trends in dynamic pricing: personalized dynamic pricing (the target model considers customer-related criteria) and the development of systems to assist managers in optimizing pricing strategies to increase revenues (using machine learning methods). This article presents a literature review on dynamic pricing and then discusses the machine learning methods applied. In the final part of this article, verification of the developed dynamic pricing method using real-world conditions is presented. © 2024 Elsevier B.V., All rights reserved.","dynamic pricing; e-commerce; machine learning; pricing strategies","Costs; Marketplaces; Nearest neighbor search; Sales; Support vector machines; Customer behavior; Dynamic pricing; E- commerces; Machine learning methods; Machine-learning; Market dynamics; Pricing methods; Pricing strategy; Real- time; Time adjustment; Adversarial machine learning","","English","Article","Final","All Open Access; Gold Open Access","Scopus","2-s2.0-85213225779"
"Bandi, N.; Cohen, M.C.; Ray, S.","Bandi, Nymisha (57221873472); Cohen, Maxime C. (57189311710); Ray, Saibal (7402323847)","57221873472; 57189311710; 7402323847","Behavioral Retail Operations: Tactics to Win Customers","2024","Foundations and Trends in Technology, Information and Operations Management","18","3-4","","214","420","0","0","10.1561/0200000111","https://www.scopus.com/inward/record.uri?eid=2-s2.0-85209232457&doi=10.1561%2F0200000111&partnerID=40&md5=8c38b7ffcbd9f7a1656ced679f4c8dce","Shoppers face numerous decisions about which products to purchase, as the number of available options grows. To navigate this complexity, retailers deploy a range of tactics aimed at influencing customer behavior and guiding them toward specific purchases. Understanding customer behavior in both online and brick-and-mortar settings requires an understanding of customer psychology, including the factors that drive purchase decisions and responses to promotions. Retailers strategically use data to analyze patterns and employ tools from business analytics and machine learning to identify key influences on shopping behavior. These insights often rely on detailed consumer information, such as demographics, historical purchases, and reactions to past promotions, alongside broader social, cultural, and psychological factors. In this monograph, we reviewed decades of research on retail tactics used to influence consumer choices, focusing on price, promotion, and place. We examined the nuances of pricing strategies, including psychological effects, framing techniques, and price perception, as well as in-store promotions and design strategies that shape the shopping environment. Additionally, we explored digital retail tactics such as web design, product recommendations, and user ratings. Our goal was to connect research with practical strategies, providing a comprehensive review and suggesting future research directions at the intersection of consumer psychology and retail strategy. © 2024 Elsevier B.V., All rights reserved.","","Consumer behavior; Web Design; Business analytics; Consumer information; Cultural factors; Customer behavior; Machine-learning; Psychological factors; Purchase decision; Retail operations; Shopping behaviour; Social factor; Sales","","English","Article","Final","All Open Access; Gold Open Access","Scopus","2-s2.0-85209232457"
"Tepe, E.","Tepe, Emre (57193528505)","57193528505","A random forests-based hedonic price model accounting for spatial autocorrelation: A random forests-based hedonic price model accounting for..: E. Tepe","2024","Journal of Geographical Systems","26","4","","511","540","0","3","10.1007/s10109-024-00449-w","https://www.scopus.com/inward/record.uri?eid=2-s2.0-85208226706&doi=10.1007%2Fs10109-024-00449-w&partnerID=40&md5=ab76cce2b6286f51db5335df9097879b","This paper introduces a spatially explicit random forests-based hedonic price modeling approach to account for spatial autocorrelation in the data. Spatial autocorrelation is a common data structure in georeferenced data, and controlling associations among spatial objects is crucial for accurate statistical analysis. Validations of machine learning and artificial intelligence applications require using out-of-sample data sets to assess models’ fit on the training dataset. Previous research has shown that nonspatial cross-validation methods, commonly used in machine learning applications for spatial data, often provide over-optimistic results. Some recommended the use of spatial cross-validation methods to obtain more reliable estimates. However, the machine learning models used in these previous studies did not include spatially explicit parameters to account for spatial autocorrelation in the data. Unlike machine learning-based models, statistical-based models such as the spatial lag model can effectively account for spatial autocorrelation in the data. This research applied a two-stage least squares random forests framework to construct a hedonic pricing model incorporating a spatial lag for the Miami-Dade single-family residential parcel sales data. Random forests models are evaluated using K-fold, spatial blocking K-fold, and spatial leave-one-out cross-validation methods. The goodness-of-fit of the tested random forests-based models is evaluated using the coefficient of determination and mean square error scores. Additionally, spatial autocorrelations in residuals from random forests models are investigated by conducting Moran’s I test. Our research indicates that failing to account for spatial autocorrelation in data can lead to unreliable and overly optimistic estimates. However, including a spatially lagged variable substantially reduces fluctuations in goodness-of-fit measures across different validation sets. © 2024 Elsevier B.V., All rights reserved.","Hedonic price modeling; Moran’s I test; Spatial blocking K-fold; Spatial leave-one-out test; Two-stage least squares random forests","artificial intelligence; autocorrelation; hedonic analysis; housing market; least squares method; machine learning; price determination; spatial data; Florida [United States]; Miami-Dade County; United States","","English","Article","Final","","Scopus","2-s2.0-85208226706"
"Li, D.; Xin, J.","Li, Dongxin (57190766331); Xin, Jiayue (58573371300)","57190766331; 58573371300","Deep learning-driven intelligent pricing model in retail: from sales forecasting to dynamic price optimization","2024","Soft Computing","28","20","","12281","12297","0","5","10.1007/s00500-024-09937-z","https://www.scopus.com/inward/record.uri?eid=2-s2.0-85199856988&doi=10.1007%2Fs00500-024-09937-z&partnerID=40&md5=053ca523fef98bc2cd420f400ae7a9b9","Under the wave of the digital era, the retail industry is facing unprecedented fierce competition and a rapidly changing market environment. In this context, developing smart and efficient pricing strategies has become a top priority in the industry. Faced with this challenge, traditional pricing methods are inadequate due to their slow response, insufficient adaptability to instant changes in the market, and over-reliance on historical data and human experience. In response to this urgent need, this study aims to design an intelligent pricing model rooted in deep learning to enhance the vitality and competitiveness of the retail industry. The emerging solution adopted in this article combines Temporal Fusion Transformer (TFT), Ensemble of Simplified RNNs (ES-RNN), and dynamic attention mechanisms, aiming to accurately capture and analyze complex time series data through these advanced technologies. TFT processes multivariate and multi-level data, ES-RNN technology integrates multiple simple versions of recurrent neural networks to enhance predictive power, and the dynamic attention mechanism allows the model to dynamically weight the importance of different points in the time series, thereby improving the effectiveness of feature extraction. Test experimental results on four different data sets show that our models all show excellent performance, and the accuracy of predicted product sales far exceeds traditional models. In addition, with its ability to dynamically adjust pricing, the model demonstrates excellent stability and adaptability amid market fluctuations. This research not only promotes the intelligent transformation of retail pricing strategies, but also provides a more strategic tool for enterprises to compete for market share. © 2024 Elsevier B.V., All rights reserved.","Data analysis; Deep learning; Dynamic pricing; Predictive modeling; Retail industry; Smart pricing","Commerce; Competition; Costs; Dynamics; Learning systems; Sales; Time series; Attention mechanisms; Deep learning; Dynamic price; Dynamic pricing; Predictive models; Pricing models; Pricing strategy; Retail industry; Sales forecasting; Smart pricing; Recurrent neural networks","","English","Article","Final","","Scopus","2-s2.0-85199856988"
"Asproudis, E.; Gedikli, C.; Talavera, O.; Yilmaz, O.","Asproudis, Elias (37053488500); Gedikli, Cigdem (57193923067); Talavera, Oleksandr (23471474000); Yilmaz, Okan (57220160747)","37053488500; 57193923067; 23471474000; 57220160747","Returns to solar panels in the housing market: A meta learner approach","2024","Energy Economics","137","","107768","","","0","1","10.1016/j.eneco.2024.107768","https://www.scopus.com/inward/record.uri?eid=2-s2.0-85199301927&doi=10.1016%2Fj.eneco.2024.107768&partnerID=40&md5=e707e84facc0ebc0926c20c13ccc150d","This paper aims to estimate the returns to solar panels in the UK residential housing market. Our analysis applies a causal machine learning approach to Zoopla property data containing about 5 million observations. Drawing on meta-learner algorithms, we provide strong evidence documenting that solar panels are directly capitalized into sale prices. Our results point to a selling price premium above 6% (range between 6.1% to 7.1% depending on the meta-learner) associated with solar panels. Considering that the average selling price is £230,536 in our sample, this corresponds to an additional £14,062 to £16,368 selling price premium for houses with solar panels. Our results are robust to traditional hedonic pricing models and matching techniques, with the lowest estimates at 3.5% using the latter. Despite the declining trend, the additional analyses demonstrate that the positive premium associated with solar panels persists over the years. © 2024 Elsevier B.V., All rights reserved.","Machine-learning; Meta-learners; Residential housing market; Sale prices; Solar panels","Commerce; Costs; Housing; Sales; Solar concentrators; Solar panels; Housing markets; Machine learning approaches; Machine-learning; Meta-learner; Price premiums; Residential housing market; Residential housings; Sale price; Selling prices; Machine learning; energy management; energy market; housing market; price dynamics; residential location; solar power; trend analysis; United Kingdom","","English","Article","Final","All Open Access; Hybrid Gold Open Access","Scopus","2-s2.0-85199301927"
"Wang, C.; Xu, G.; Sun, C.; Xu, J.; Xu, K.; Jiang, L.; Wang, Y.; Su, S.; Hu, S.; Xiang, J.","Wang, Cong (57219941083); Xu, Gang (58441095600); Sun, Changliang (59194652800); Xu, Jun (57190878586); Xu, Kai (35276583100); Jiang, Long (7403475955); Wang, Yi (56048204200); Su, Sheng (55511440700); Hu, Song (7404286632); Xiang, Jun (7201546185)","57219941083; 58441095600; 59194652800; 57190878586; 35276583100; 7403475955; 56048204200; 55511440700; 7404286632; 7201546185","Modeling and forecasting of coal price based on influencing factors and time series","2024","Journal of Cleaner Production","467","","143030","","","0","12","10.1016/j.jclepro.2024.143030","https://www.scopus.com/inward/record.uri?eid=2-s2.0-85197048370&doi=10.1016%2Fj.jclepro.2024.143030&partnerID=40&md5=380b0053e8cdf57eaa998f1b6401e5b1","The fluctuations of coal prices substantially impact carbon pricing, the flexibility in power generation at coal-fired plants, and the pricing strategies of upstream and downstream industries. Given limitations in the existing coal price forecasting research, this study introduces grey relational analysis to determine the relational grade between influencing factors and coal prices. Results indicate that crude oil production, CPI (Consumer Price Index), coal sales of key coal mines, and PMI (Purchasing Managers Index) exhibit the highest correlation with coal prices, with grey relational coefficients all exceeding 0.9. This study also applies principal component analysis to achieve data dimensionality reduction, resulting in a 2% decrease in average forecasting error. The influence-based forecasting model developed in this study demonstrates an average forecasting accuracy exceeding 90%. To render coal price forecast more practical, this study constructs several models based on time series to forecast the coal price for the subsequent 30 days. The results show that the BP (Back Propagation) neural network model demonstrates higher forecasting accuracy than the LSTM (Long Short-Term Memory) model and ARIMA (Autoregressive Integrated Moving Average) model for 30-day coal price forecasting. The forecast generated by BP model closely match the actual coal price trends, achieving a high average prediction accuracy exceeding 85%. The accurate forecasting model of coal price proposed in this study holds significant importance in characterizing carbon price fluctuations, enhancing power plant flexibility in electricity generation, and guiding coal procurement. © 2024 Elsevier B.V., All rights reserved.","Autoregressive integrated moving average; Coal price; Dimensionality reduction; Forecasting; Grey relational analysis; Neural network","Backpropagation; Carbon; Coal; Coal mines; Costs; Factor analysis; Long short-term memory; Principal component analysis; Time series; Time series analysis; Auto-regressive; Autoregressive integrated moving average; Coal price; Dimensionality reduction; Forecasting models; Grey relational analysis; Moving averages; Neural-networks; Price forecasting; Times series; Forecasting","","English","Article","Final","","Scopus","2-s2.0-85197048370"
"Li, J.; Fan, L.; Wang, X.; Sun, T.; Zhou, M.","Li, Jiale (59204498400); Fan, Li (59294090000); Wang, Xuran (59426212500); Sun, Tiejiang (59138769500); Zhou, Mengjie (57219591298)","59204498400; 59294090000; 59426212500; 59138769500; 57219591298","Product Demand Prediction with Spatial Graph Neural Networks","2024","Applied Sciences (Switzerland)","14","16","6989","","","0","7","10.3390/app14166989","https://www.scopus.com/inward/record.uri?eid=2-s2.0-85202431660&doi=10.3390%2Fapp14166989&partnerID=40&md5=b01755dd4ecd38d41b19bf476553c009","In the rapidly evolving online marketplace, accurately predicting the demand for pre-owned items presents a significant challenge for sellers, impacting pricing strategies, product presentation, and marketing investments. Traditional demand prediction methods, while foundational, often fall short in addressing the dynamic and heterogeneous nature of e-commerce data, which encompasses textual descriptions, visual elements, geographic contexts, and temporal dynamics. This paper introduces a novel approach utilizing the Graph Neural Network (GNN) to enhance demand prediction accuracy by leveraging the spatial relationships inherent in online sales data, named SGNN. Drawing from the rich dataset provided in the fourth Kaggle competition, we construct a spatially aware graph representation of the marketplace, integrating advanced attention mechanisms to refine predictive accuracy. Our methodology defines the product demand prediction problem as a regression task on an attributed graph, capturing both local and global spatial dependencies that are fundamental to accurate predicting. Through attention-aware message propagation and node-level demand prediction, our model effectively addresses the multifaceted challenges of e-commerce demand prediction, demonstrating superior performance over traditional statistical methods, machine learning techniques, and even deep learning models. The experimental findings validate the effectiveness of our GNN-based approach, offering actionable insights for sellers navigating the complexities of the online marketplace. This research not only contributes to the academic discourse on e-commerce demand prediction but also provides a scalable and adaptable framework for future applications, paving the way for more informed and effective online sales strategies. © 2024 Elsevier B.V., All rights reserved.","demand prediction; Graph Neural Network; spatial information","Graph neural networks; Prediction models; Demand prediction; E- commerces; Online marketplaces; Online sales; Pricing strategy; Product demand; Product presentations; Spatial graphs; Spatial informations; Marketplaces","","English","Article","Final","All Open Access; Gold Open Access","Scopus","2-s2.0-85202431660"
"Xu, J.; Guo, S.; Lv, Y.; Zhang, H.; Lv, K.","Xu, Jiangnan (59241773200); Guo, Shiyi (59241509500); Lv, Yantian (59241373300); Zhang, Hongrui (58335755100); Lv, Kai (59242320100)","59241773200; 59241509500; 59241373300; 58335755100; 59242320100","Pricing and replenishment decision of vegetable commodities based on Gaussian regression model","2024","","","","","1049","1054","0","0","10.1145/3671151.3671334","https://www.scopus.com/inward/record.uri?eid=2-s2.0-85200117694&doi=10.1145%2F3671151.3671334&partnerID=40&md5=0092f35576c86bbaf20c764405857299","This study explores the relationship between the total sales volume of each vegetable category according to the sales data in a certain period of time, and predicts the replenishment and pricing strategies to obtain the best sales volume in the future. The research process includes the analysis of the relationship between total sales of each vegetable category and cost-plus pricing and future short-term prediction. The timing distribution. To predict the replenishment and pricing strategies that can obtain the best sales volume in the future, we should first find a suitable mathematical model to fit the given sales data. General vegetable sales is usually related to time factors such as season, so we build gaussian process model (GPR), decision tree model (DTR) and neural network model (NN) and multiple models, and calculation of parameters and results to explore their fitting performance, finally select the best performance model for prediction, in order to draw relevant conclusions. © 2024 Elsevier B.V., All rights reserved.","Gaussian regression model; optimal profit; Pricing and replenishment decision","Cost benefit analysis; Decision trees; Forecasting; Gaussian distribution; Profitability; Regression analysis; Sales; Gaussian regression; Gaussian regression model; Optimal profit; Pricing and replenishment decision; Pricing strategy; Regression modelling; Replenishment strategies; Research process; Sale volumes; Short term prediction; Vegetables","","English","Conference paper","Final","","Scopus","2-s2.0-85200117694"
"Ortakci, Y.; Şeker, H.","Ortakci, Yasin (56461405000); Şeker, Hüseyin (6701451767)","56461405000; 6701451767","Optimising customer retention: An AI-driven personalised pricing approach","2024","Computers and Industrial Engineering","188","","109920","","","0","11","10.1016/j.cie.2024.109920","https://www.scopus.com/inward/record.uri?eid=2-s2.0-85184135427&doi=10.1016%2Fj.cie.2024.109920&partnerID=40&md5=9002193bf261b82988cabb287fc7bc60","Customer churn has become one of the most important challenges that telecom companies have to deal with. Churn cases not only cause revenue losses but also impose extra costs of finding new customers. To overcome this issue, they develop various strategies to retain their customers. In this regard, this study presents an integrated artificial intelligence-based model that can meet the expectations of these companies not only to profile the customer churn, but also to predict a service fee that is likely to be accepted by the customers. The model first identifies the customers who are likely to churn and then offers the customers a personalised service fee that is likely to be acceptable. In this study, the K-nearest neighbours, Decision Tree, Random Forest, and Support Vector Machine methods are adapted as classifiers for churn prediction, and regression models of the same methods are utilised to predict the most optimum “personalised” service fee for potential customer churns. Additionally, to reduce the cost of data collection for companies, the feature selection method is used to determine the most optimal feature subset in churn analysis and service fee prediction. The results show that the Random Forest method is superior to other methods in both churn and price predictions and has resulted in as much as a predictive accuracy of 94% and AUC of 98%. The outcome of this comprehensive analysis using four artificial intelligence methods over three diverse telecom datasets, suggests that the proposed “personalised” pricing model in the telecom sector could prevent the churn and increase the profitability by up to 36%. In addition, the model based on SVM suggests that it is possible to reduce the number of required data to be collected by as much as 20%. As the robustness and generalisation ability of the models has been demonstrated over three diverse data sets, it can be further adapted in different sectors. © 2024 Elsevier B.V., All rights reserved.","Artificial intelligence; Customer churn; Feature selection; Machine learning; Personalised pricing","Cost benefit analysis; Decision trees; Forecasting; Learning systems; Logistic regression; Nearest neighbor search; Sales; Support vector machines; Churn predictions; Customer churns; Customer retention; Features selection; Machine-learning; Nearest-neighbour; Personalized pricing; Personalized service; Random forests; Telecom company; Feature Selection","","English","Article","Final","","Scopus","2-s2.0-85184135427"
"Zheng, Y.; Li, T.; Ma, W.; Li, Z.; Wang, L.; Li, Y.","Zheng, Yujia (58771220500); Li, Tianhao (58771116100); Ma, Weizhi (58771220600); Li, Zhengping (57218339033); Wang, Lijun (57251083100); Li, Ying (59789210900)","58771220500; 58771116100; 58771220600; 57218339033; 57251083100; 59789210900","Automated Pricing and Replenishment Decision for Vegetable Products Based on Hybrid Machine Learning Models","2024","Frontiers in Artificial Intelligence and Applications","381","","","81","87","0","8","10.3233/FAIA231179","https://www.scopus.com/inward/record.uri?eid=2-s2.0-85183076988&doi=10.3233%2FFAIA231179&partnerID=40&md5=d3c3f7025a2364d4455eac0dd5082830","Fresh produce supermarkets play a vital role in modern cities, but their management is challenging due to the perishable nature of vegetables. This research proposes and implements an automated pricing and replenishment strategy based on hybrid ML models and massive historical sales data. The combination of Seasonal ARIMA, Linear Regression, and Gradient Boosting Decision Tree (GBDT) results in an average R2 for different categories of vegetable products of 0.993, indicating high model accuracy and fitting, which could guide pricing and replenishment strategies for the merchant who sells time-sensitive products. © 2024 Elsevier B.V., All rights reserved.","GBDT; Linear Regression; Pricing; Replenishment; Seasonal ARIMA","Decision trees; Machine learning; Vegetables; Fresh produce; Gradient boosting; Gradient boosting decision tree; Hybrid machine learning; Machine learning models; Pricing strategy; Replenishment; Replenishment strategies; Seasonal ARIMA; Vegetable products; Costs","Tallon-Ballesteros, A.J.; Cortes-Ancos, E.; Lopez-Garcia, D.A.","English","Conference paper","Final","All Open Access; Hybrid Gold Open Access","Scopus","2-s2.0-85183076988"
"Ranganathan, C.S.; Rajasekaran, M.; Ramakrishnan, R.; Arul Prasath, A.; Ganesh Babu, T.R.; Sujatha, S.","Ranganathan, Chitra Sabapathy (58541275400); Rajasekaran, M. (59112375500); Ramakrishnan, Meenakshi (55566468900); Arul Prasath, A. (58182688800); Ganesh Babu, T. R. (50261588000); Sujatha, S. (59306461600)","58541275400; 59112375500; 55566468900; 58182688800; 50261588000; 59306461600","Real-Time Price Elasticity Analysis in Retail Using IoT and Machine Learning","2024","","","","","","","0","0","10.1109/ICICEC62498.2024.10808288","https://www.scopus.com/inward/record.uri?eid=2-s2.0-86000778490&doi=10.1109%2FICICEC62498.2024.10808288&partnerID=40&md5=04f3886217a71e07c7d996cc6a2196b9","This research introduces a new approach to retail pricing elasticity analysis that uses the complementary strengths of the Internet of Things (IoT) and machine learning. IoT sensors, smart shelves, and cameras allow for the continuous collection of real-time data on key retail factors, including customer behavior, inventory levels, and foot traffic. The next step is seamlessly combining this data with price and sales history. Applying the robust ensemble learning approach known as Gradient Boosting Machines (GBM) to examine the integrated dataset forms the core of the proposed system. With GBM, complex relationships between price changes and customer reactions may be more easily identified, leading to more accurate price elasticity estimates. By automatically altering pricing in response to real-time market dynamics, competition activities, and consumer preferences, the system enables merchants to make data-driven choices. This flexible price optimization technique enhances revenue generation, consumer happiness, and loyalty. The system also uses a feedback loop to improve real-time pricing techniques by considering new information from current data streams. The proposed methodology has been shown effective via case studies and simulations by optimizing pricing strategies and maximizing profitability in varied retail situations. © 2025 Elsevier B.V., All rights reserved.","Consumer behavior; Data integration; Dynamic pricing; Inventory management; Pricing optimization; Retail analytics","Adaptive boosting; Costs; Inventory control; Dynamic pricing; Elasticity analysis; Gradient boosting; Inventory management; Machine-learning; Optimisations; Price-elasticity; Pricing optimization; Real-time price; Retail analytic; Sales","","English","Conference paper","Final","","Scopus","2-s2.0-86000778490"
"Aldhaheri, M.; Sharma, R.; Sundarakani, B.","Aldhaheri, Maha (58921542800); Sharma, Rohit (57196545771); Sundarakani, Balan (25655467900)","58921542800; 57196545771; 25655467900","Role of Artificial Intelligence Capabilities in Enhancing Sustainable Agricultural Supply Chain Performance","2024","","","","","","","0","0","10.1109/ICTMOD63116.2024.10878250","https://www.scopus.com/inward/record.uri?eid=2-s2.0-86000030690&doi=10.1109%2FICTMOD63116.2024.10878250&partnerID=40&md5=e95712a237aa4f842ab12e1b76d6af39","Agri-food supply chains (AFSCs) are the essence that makes the world tick. After all, the food we eat those matters; everything else can wait. However, despite their criticality, the AFSCs face daunting challenges that pose severe threats to the sustenance of humanity. The study explores the contribution of Industry 4.0 disruptive technologies, particularly artificial intelligence (AI) capabilities, to improve sustainable AFSC performance through real-time information exchange. Food companies and private entities in this field have undoubtedly realized the importance of allocating financial investment expenses and adopting digital solutions, which ignite competitive advantage and increase the economic returns provided by AI technologies. Businesses can boost revenue, improve pricing strategies, and target suitable clients by streamlining sales processes and utilizing AI-powered data and forecasts. The research methodology of the study is two-phased, i.e., in the first phase, the study investigates AI capabilities through a systematic literature review, and in the second phase, it proposes a conceptual research framework for exploring the relationship between identified AI capabilities and real-time information exchange to enhance sustainable AFSC performance. Based on the data collected from 251 AFSC organizations in the UAE, the findings will highlight noteworthy impacts of AI capabilities on real-time information exchange and sustainable agricultural supply chain performance. The study offers important contributions to theory and practice. © 2025 Elsevier B.V., All rights reserved.","Agricultural Supply Chains; Agriculture; Artificial Intelligence; Supply Chains; Sustainability; Sustainable Performance","Agri-food; Agri-food supply chains; Agricultural supply chains; Disruptive technology; Financial investments; Food companies; Investment expense; Real time information exchange; Supply chain performance; Sustainable agricultural; Sustainable performance; Sustainable agriculture","","English","Conference paper","Final","","Scopus","2-s2.0-86000030690"
"Singhal, K.; Singh, V.; Kaul, A.","Singhal, Krish (59561641300); Singh, Vaibhav (59561787500); Kaul, Amrita (57486047800)","59561641300; 59561787500; 57486047800","Smart Retail: Utilizing Machine Learning for Demand Prediction, Price Strategy, and Inventory Management","2024","","","","","485","489","0","0","10.1109/CICN63059.2024.10847534","https://www.scopus.com/inward/record.uri?eid=2-s2.0-85218043254&doi=10.1109%2FCICN63059.2024.10847534&partnerID=40&md5=14baae89d88df6c38d99f106e69fb9c8","This research demonstrates the ability of Artificial Intelligence (AI) to enhance real-time demand forecasting, price prediction, and inventory management by analyzing key factors such as competitor prices, customer preferences, and stock levels. The Random Forest Regressor (RFR) model has been implemented to achieve a Mean Squared Error (MSE) of 8.15% for demand forecasting and 1.11% for price prediction, highlighting its accuracy. These AI-driven insights allow businesses to make smarter, faster decisions, optimize pricing strategies, and adjust inventory levels to meet market demands. Additionally, the model helps avoid surplus or deficit, ensuring seamless inventory flow, reducing operational costs, and improving overall profitability. AI integration into retail processes allows companies to respond dynamically to real-time changes and maintain a competitive edge in a fast-paced market environment. © 2025 Elsevier B.V., All rights reserved.","Demand forecasting; Dynamic pricing; Inventory management; Price prediction; Random Forest Regressor; Retail optimization","Commerce; Competition; Costs; Inventory control; Demand forecasting; Demand prediction; Dynamic pricing; Inventory management; Machine-learning; Optimisations; Price prediction; Random forest regressor; Random forests; Retail optimization; Sales","Tomar, G.S.","English","Conference paper","Final","","Scopus","2-s2.0-85218043254"
"Miyatsu, K.","Miyatsu, Kazuhiro (57215048078)","57215048078","The Optimal Pricing Models: Dynamic Pricing Personalization based on Machine Learning","2024","","","","","5147","5153","0","2","10.1109/BigData62323.2024.10825186","https://www.scopus.com/inward/record.uri?eid=2-s2.0-85218024803&doi=10.1109%2FBigData62323.2024.10825186&partnerID=40&md5=1a2523492e3a9804ba9150f35ad960a1","In the field of marketing, the framework known as marketing four P's mix is often used, and price is one of the critical elements of marketing. Personalization is also one of effective marketing strategies, and that in ""promotion""is well executed with widespread use of smartphones and social media. However, personalization in ""price""has not yet been much practiced, though dynamic pricing has been gained its attention. Therefore, four objectives are set forth in this research. The first is to demonstrate that machine learning, which has not been much utilized until now as it is regarded as ""black box"", can be applicable to a price research of marketing science. The second is to simulate the personalization of dynamic pricing based on a machine learning platform with scanner panel data from actual market. It is then to compare the results with that of statistical models to further understand dynamics of pricing technologies. Finally, fundamental of price personalization is developed to prove as a new pricing strategy in marketing. Utilizing scanner panel data from actual retail store data in Tokyo, the model for the optimal prices at individual level has been demonstrated as a viable platform. Though statistical modeling is often used in marketing analytics, machine learning is proved to be applicable framework for pricing simulation in marketing. Unlike outcomes from a statistical model, the optimal prices from machine learning seems more realistic and display flexible price patterns reflected to the selling environment. Simulation results indicated 5.65% revenue increase by individually setting the optimal prices suggested from the model. © 2025 Elsevier B.V., All rights reserved.","dynamic pricing; machine learning; marketing analytics; personalization","Contrastive Learning; Critical elements; Dynamic pricing; Machine-learning; Marketing analytic; Model dynamics; On-machines; Optimal pricing model; Panel data; Personalizations; Statistic modeling; Adversarial machine learning","Ding, W.; Lu, C.-T.; Wang, F.; Di, L.; Wu, K.; Huan, J.; Nambiar, R.; Li, J.; Ilievski, F.; Baeza-Yates, R.; Hu, X.","English","Conference paper","Final","","Scopus","2-s2.0-85218024803"
"Varsha, S.; Rivanthika Shri, R.; Johnson, S.; Vimala Josphine, C.V.","Varsha, S. (59538474600); Rivanthika Shri, R. (59538474700); Johnson, Sandra (57198004013); Vimala Josphine, C. (58175292000)","59538474600; 59538474700; 57198004013; 58175292000","AI-Driven Pricing Precision: Enhancing Customer Satisfaction","2024","","","","","957","962","0","0","10.1109/ICDICI62993.2024.10810930","https://www.scopus.com/inward/record.uri?eid=2-s2.0-85216611241&doi=10.1109%2FICDICI62993.2024.10810930&partnerID=40&md5=2d594c9cfb1bc84ed8748d6b80b3ca3a","In the ever-evolving landscape of contemporary business, precise pricing strategies and customer-centricity have become paramount. This project introduces a groundbreaking pricing engine designed to revolutionize pricing strategies, offering unmatched granularity and adaptability. This innovative system empowers organizations to dissect their products and services at a detailed level, facilitating data-driven pricing decisions and cost optimizations. Additionally, it introducesflexible segmented pricing, acknowledging the diversity of customer categories, enhancing relationships, and driving loyalty and revenue growth. Advanced analytics provide a competitive edge by revealing trends and growth opportunities. Seamless integration ensures a smooth transition, making this pricing engine an essential tool in the pursuit of pricing accuracy and customer satisfaction in today's dynamic business environment. Moreover, the absence of segmented pricing capabilities limited the utility'scapacity to introduce innovative product offers. To address these issues, the utility aimed to reconstruct its pricing system, focusing on improved accuracy, flexibility, and customer experience. In the dynamic business environment of today, this pricing engine is an indispensable tool for businesses aiming to achieve pricing accuracy and elevate customer satisfaction. It represents a transformative solution, empowering businesses to not only survive but thrive in the ever-evolving contemporary business landscape. © 2025 Elsevier B.V., All rights reserved.","Accuracy; customer experience; Machine Learning; Pricing system; Seamless Integration","Costs; Customer satisfaction; Accuracy; Customer experience; Customers' satisfaction; Dynamic business environment; Innovative systems; Machine-learning; Pricing strategy; Pricing systems; Product and services; Seamless integration; Sales","","English","Conference paper","Final","","Scopus","2-s2.0-85216611241"
"Tong, T.; Yang, J.","Tong, Tong (59529877400); Yang, Jingyu (59530015900)","59529877400; 59530015900","Using Machine Learning and Improved Algorithms to Optimize E-commerce Pricing Models","2024","","","","","16","20","0","1","10.1109/CIPAE64326.2024.00009","https://www.scopus.com/inward/record.uri?eid=2-s2.0-85216113126&doi=10.1109%2FCIPAE64326.2024.00009&partnerID=40&md5=2f6fbbde180b4984491d14c7e87be22f","E-commerce pricing models are key consideration for making purchases on the internet. Dynamic e-commerce pricing models, often used by online companies to boost sales and profitability, can greatly benefit them within the consumer market. This study aims to develop machine learning and improved algorithms that will help e-commerce platforms offer the right pricing models to customers. It focuses on companies with inventory leads but could also be useful for stockless online marketplaces. By using statistical and machine learning techniques, the study seeks to understand customer preferences in dynamic or adaptive product pricing based on various data sources such as visit characteristics, visitor traits, purchase history, site data, and context understanding. The article further provides a detailed explanation of how machine learning and improved algorithm may be used in optimizing e-commerce pricing models and revenue optimization. © 2025 Elsevier B.V., All rights reserved.","E-commerce; Improved Algorithms; Machine Learning; Pricing Models; Sales Methods","Adversarial machine learning; Contrastive Learning; Commerce platforms; Consumer market; E- commerces; Improved * algorithm; It focus; Machine learning algorithms; Machine-learning; Online marketplaces; Pricing models; Sale method; Marketplaces","","English","Conference paper","Final","","Scopus","2-s2.0-85216113126"
"Rekiek, S.; Jebari, H.; Reklaoui, K.","Rekiek, Siham (57205743763); Jebari, Hakim (58166537600); Reklaoui, Kamal (57192641061)","57205743763; 58166537600; 57192641061","Prediction of Booking Trends and Customer Demand in the Tourism and Hospitality Sector Using AI-Based Models: A Case Study of Major Hotel Chain","2024","International Journal of Advanced Computer Science and Applications","15","10","","404","412","0","6","10.14569/IJACSA.2024.0151043","https://www.scopus.com/inward/record.uri?eid=2-s2.0-85215644389&doi=10.14569%2FIJACSA.2024.0151043&partnerID=40&md5=3184684eff588c7de0d63341dd9f1e1a","Accurate demand forecasting is critical for optimizing operations in the tourism and hospitality sectors. This paper proposes a robust multi-algorithmic framework leveraging four advanced models of Artificial Intelligence (LSTM, Random Forest, XGBoost, and Prophet) to predict booking trends and customer demand. In contrast to traditional approaches, this study incorporates external factors such as competitors’ pricing strategies, local events, and weather patterns, offering a more holistic view of demand drivers. Using a comprehensive dataset from a leading hotel chain, we systematically compare the performance of these models, providing detailed evaluations. The findings offer actionable insights for hotel managers, demonstrating how predictive analytics can inform revenue management, improve operational efficiency, and enhance marketing initiatives. These results contribute to the evolving field of demand forecasting, offering practical recommendations for data-driven decision-making in the tourism and the hospitality sector. © 2025 Elsevier B.V., All rights reserved.","Artificial Intelligence; booking trends; customer; decision-making; demand forecasting; hospitality; long short-term memory; Prophet; Random Forest; tourism; XGBoost","Decision trees; Information management; Leisure; Prediction models; Sales; Tourism; Booking trend; Customer; Customer demands; Decisions makings; Demand forecasting; Hospitality; Prophet; Random forests; Short term memory; Xgboost; Predictive analytics","","English","Article","Final","All Open Access; Gold Open Access","Scopus","2-s2.0-85215644389"
"Karunakaran, S.; Hemasundari, M.; Suguna, R.; Thandauthapani, A.","Karunakaran, S. (56182060800); Hemasundari, M. (59245407200); Suguna, R. (59683470100); Thandauthapani, A. (59357325400)","56182060800; 59245407200; 59683470100; 59357325400","Integrating AI and ML for Dynamic Pricing Strategies: Innovations in Marketing Analytics and Revenue Management","2024","","","","","","","0","2","10.1109/ICPECTS62210.2024.10780375","https://www.scopus.com/inward/record.uri?eid=2-s2.0-85215507647&doi=10.1109%2FICPECTS62210.2024.10780375&partnerID=40&md5=469a3dd18edefa0afe0838ab16423425","The focus of the research is the difficulty of using AI and machine learning to optimize dynamic pricing techniques. The paper provides a thorough method for dynamic pricing using K-Means clustering for client segmentation, reinforcement learning for real-time price changes, and LSTM networks for demand forecasting. Compared to previous models, the suggested model produced a 30% boost in revenue, an 85% customer satisfaction rating, a 28% market share, and a 50% decrease in average response time after being trained and tested on a large retail dataset. These outcomes show how much better the model can perform than more conventional pricing techniques. Better pricing accuracy and response to market circumstances are other enhancements that result in improved client experiences and increased profitability. According to the study's conclusion, AI-driven dynamic pricing models can completely transform pricing strategies across a range of sectors and provide a scalable and practical answer for companies looking to maximize profits while maintaining a high level of customer happiness. © 2025 Elsevier B.V., All rights reserved.","Artificial Intelligence; K-Means Clustering Algorithm; Long Short-Term Memory; MATLAB Simulink; Reinforcement Learning","Adversarial machine learning; Commerce; Costs; Profitability; Reinforcement learning; Sales; Dynamic pricing; K-means clustering algorithms; K-means++ clustering; Machine-learning; MATLAB/ SIMULINK; Pricing strategy; Real-time price; Reinforcement learnings; Revenue management; Short term memory; Customer satisfaction","","English","Conference paper","Final","","Scopus","2-s2.0-85215507647"
"Gambhir, V.; Sharma, M.K.; Thiruvenkadam, T.","Gambhir, Vinima (57486306700); Sharma, Mohit Kumar (57201968490); Thiruvenkadam, T. (57202976024)","57486306700; 57201968490; 57202976024","Harnessing the Capabilities of Artificial Intelligence in Retail for Personalized Shopping Experiences","2024","","","","","","","0","0","10.1109/ACROSET62108.2024.10743377","https://www.scopus.com/inward/record.uri?eid=2-s2.0-85211449244&doi=10.1109%2FACROSET62108.2024.10743377&partnerID=40&md5=81819bd59fcb74ce434be7206c9e737d","A revolutionary change has taken place in the retail business as a result of the use of artificial intelligence (AI) to provide more customized shopping experiences. This article investigates the potential of artificial intelligence to transform interactions with customers and improve the efficiency of retail operations. The suggested technique makes use of collaborative filtering, cosine similarity, and dynamic price optimization algorithms to provide individualized product suggestions and competitive pricing strategies. As a result, the level of customer satisfaction is increased, and sales are increased. The suggested technique displays higher performance in comparison to the methods that have been traditionally used by conducting an exhaustive examination of client preferences and real-time market trends. According to the findings of the research, the use of AI-driven customization is crucial to the development of customer loyalty and the growth of revenue for retail businesses. © 2024 Elsevier B.V., All rights reserved.","Artificial intelligence; Collaborative filtering; Customer satisfaction; Dynamic pricing optimization; Market trends; Personalized shopping; Product recommendations; Retail industry; Sales optimization; Tailored experiences","Costs; Customer satisfaction; Customers' satisfaction; Dynamic pricing; Dynamic pricing optimization; Market trends; Optimisations; Personalized shopping; Product recommendation; Retail industry; Sales optimizations; Tailored experience; Sales","","English","Conference paper","Final","","Scopus","2-s2.0-85211449244"
"Shkurti, T.; Bayilmis, C.","Shkurti, Tea (59449993900); Bayilmis, Cuneyt (8645866100)","59449993900; 8645866100","Strategic Price Optimization: Machine Learning's Role in E-Commerce Dynamics","2024","Lecture Notes in Networks and Systems","1138 LNNS","","","188","202","0","0","10.1007/978-3-031-70924-1_15","https://www.scopus.com/inward/record.uri?eid=2-s2.0-85210594070&doi=10.1007%2F978-3-031-70924-1_15&partnerID=40&md5=69f1e3978902841c1739d225abea63bf","In the context of intense competition in the digital age, e-commerce companies must be able to adapt their pricing algorithms in real time in order to remain competitive. This research proposes an advanced dynamic pricing model that employs machine learning to effectively vary price levels. Through exploratory data analysis (EDA) on a large dataset, we identify correlations between pricing patterns and consumer responses. To this end, we incorporate Internet of Behaviors (IoB) technology to measure consumer price sensitivity. The study employs feature engineering and several regression algorithms to identify the most effective models. The results indicate that both Linear Regression and Random Forest Regression emerge as the top performing models. The Linear Regression model achieved an R-squared of 98.714% and a root mean square error (RMSE) of 7.955, while the Random Forest Regression exhibited a slightly higher R-squared of 98.7626% with an RMSE of 7.998. Other noteworthy models include Ridge Regression, which achieved an R-squared of 98.7135% and an RMSE of 7.960. The deployment of the model is facilitated by the use of a Streamlit interface, which provides the capability to generate robust, data-driven pricing recommendations in real time. This project builds upon existing literature by proposing an operational model for online businesses to make informed decisions based on comprehensive data analysis of user insights. The model demonstrates significant improvements over traditional analysis techniques. © 2024 Elsevier B.V., All rights reserved.","Dynamic Pricing; Machine learning; Sales Forecasting","Adversarial machine learning; Costs; Digital age; Dynamic pricing; E- commerces; Machine-learning; Optimisation machine; Price optimisation; Random forests; Real- time; Root mean square errors; Sales forecasting","Garcia, F.P.; Ramirez, I.S.; Jamil, A.; Hameed, A.A.; Ortis, A.","English","Conference paper","Final","","Scopus","2-s2.0-85210594070"
"Bhukta, S.; Shil, A.; Dutta, A.; Sadhukhan, B.","Bhukta, Souvik (59442691300); Shil, Agniva (59441893300); Dutta, Ankan (59443222100); Sadhukhan, Bikash (6602555524)","59442691300; 59441893300; 59443222100; 6602555524","KisanConnect: Reshaping Agricultural Trade with Dynamic Pricing Model","2024","","","","","","","0","0","10.1109/ICNEWS60873.2024.10730822","https://www.scopus.com/inward/record.uri?eid=2-s2.0-85210430666&doi=10.1109%2FICNEWS60873.2024.10730822&partnerID=40&md5=6c76f76f2463495a657799bbf429831b","Agricultural markets in India face persistent challenges due to exploitation by middlemen, which deprives farmers of fair prices for their produce. To address this issue, an innovative application called ""KisanConnect""has been proposed. This application aims to empower farmers by enabling direct sales to retailers through an auction-based platform. The application workflow begins with farmers uploading detailed information about their produce. Subsequently, KisanConnect administrators verify and approve these products for auctions. Using a unique machine learning-based dynamic pricing model, farmers receive optimal base prices based on historical market data. Retailers participate in auctions, fostering transparent and direct transactions between farmers and end retailers. The app employs a dynamic pricing module, optimizing prices based on real-time market data. The evaluation of predictive pricing models showcases the efficacy of linear regression, decision tree regression, and random forest regression in enhancing pricing accuracy, with linear regression demonstrating the most consistent improvement with larger training sets. KisanConnect has the potential to revolutionize agricultural trade dynamics, empowering farmers and fostering sustainable economic development. This paper outlines the design and implementation of the KisanConnect application, emphasizing its potential to transform agricultural markets and improve livelihoods for farmers. © 2024 Elsevier B.V., All rights reserved.","Agricultural markets; Dynamic pricing; Farmer empowerment; Real-time market analytics","Sales; Agricultural markets; Direct sales; Dynamic pricing; Dynamic pricing models; Fair price; Farmer empowerment; Market data; Price-based; Real-time market; Real-time market analytic; Agricultural economics","","English","Conference paper","Final","","Scopus","2-s2.0-85210430666"
"Wang, H.; Yao, Z.","Wang, Hongye (59416971700); Yao, Zhao (59416580600)","59416971700; 59416580600","A Study on Merchandise Pricing and Replenishment Decision Based on Simulated Annealing Algorithm and Lasso Regression","2024","","","","","852","857","0","0","10.1109/ICSECE61636.2024.10729519","https://www.scopus.com/inward/record.uri?eid=2-s2.0-85209650594&doi=10.1109%2FICSECE61636.2024.10729519&partnerID=40&md5=d7ba5df1b1b64e34c010a70127d7942e","This paper mainly focuses on the pricing strategy and purchase decision of vegetable commodities in the fresh supermarket. By using the historical data and data analysis method, the pricing strategy and purchase decision problem is transformed into a multidimensional and double-layer complex dynamic optimization problem, and the simulated annealing algorithm is used to solve it. Firstly, with profit rate and wholesale price as independent variables and total sales as dependent variables, a polynomial regression model is established for each category, and Lasso regression is used to optimize the model. Secondly, LSTM neural network model was used to get the daily replenishment of each category in the next week, and a single objective programming model was established with the profit margin as the decision variable and the profit maximization of the supermarket surplus as the objective function. The pricing strategy for vegetable categories was obtained by simulated annealing algorithm. Finally, considering the actual constraints such as the quantity and display quantity of supermarket items, a dynamic programming model was established to obtain the replenishment quantity and pricing strategy for vegetable items by using the simulated annealing algorithm. The research method and model in this paper provide a scientific basis for the supermarket to make the pricing strategy and purchase decision of vegetable commodities. The research combines the data science and technology with the operation of the supermarket, which provides an important reference for the supermarket to improve profits and reduce losses. © 2024 Elsevier B.V., All rights reserved.","dynamic programming models; lasso regression; LSTM neural networks; simulated annealing algorithms","Costs; Dynamic programming; Neural networks; Polynomial regression; Profitability; Purchasing; Retail stores; Simulated annealing; Annealing algorithm; Decision-based; Dynamic programming model; Lasso regressions; LSTM neural network; Neural-networks; Pricing strategy; Purchase decision; Simulated annealing algorithm; Strategy decision; Sales","","English","Conference paper","Final","","Scopus","2-s2.0-85209650594"
"Tyagi, S.; Sirohi, S.; Singh, Y.; Siddhant; Vishwakarma, A.","Tyagi, Shiva (57208575620); Sirohi, Shagun (59299912200); Singh, Yash Raj (57642213300); Siddhant (59299912300); Vishwakarma, Akash (59300500700)","57208575620; 59299912200; 57642213300; 59299912300; 59300500700","Hybrid Model for Predicting Used Car Prices: Integrating Natural Language Processing with Random Forest Regressor","2024","","","","","","","0","1","10.1109/ICAIT61638.2024.10690607","https://www.scopus.com/inward/record.uri?eid=2-s2.0-85208829134&doi=10.1109%2FICAIT61638.2024.10690607&partnerID=40&md5=fc827e1a32344c0400e5e0e1eb58980a","The automotive sector has a notable upswing in the sales of pre-owned vehicles, hence necessitating the development of precise pricing models to enable knowledgeable decision-making for both purchasers and vendors. In order to predict used automobile prices, we provide a novel hybrid methodology in this work that combines Natural Language Processing (NLP) methods with the Random Forest regressor. Our method leverages structured and unstructured data sources to extract valuable contextual information that is hidden in textual listings for automobiles. Preprocessing a heterogeneous dataset with unstructured textual descriptions and structured attributes (make, model, year, mileage) is part of the methodology. We leverage natural language processing (NLP) approaches to extract informative features from textual representations, improving the model's comprehension of subtleties in the conditions and attributes linked to individual car listings. © 2024 Elsevier B.V., All rights reserved.","Feature engineering; Hybrid modelling; Machine learning algorithms; Natural Language Processing (NLP); Predictive modelling; Random Forest regression","Adversarial machine learning; Automobiles; Automotive industry; Cost engineering; Decision trees; Hybrid vehicles; Modeling languages; Natural language processing systems; Feature engineerings; Hybrid model; Language processing; Machine learning algorithms; Natural language processing; Natural languages; Predictive models; Random forest regression; Random forests; Used cars","","English","Conference paper","Final","","Scopus","2-s2.0-85208829134"
"Miao, J.","Miao, Jiacheng (59391106800)","59391106800","Smart Pricing and Replenishment Decision Making Based on Machine Learning Algorithms","2024","","","","","1680","1685","0","0","10.1109/ICIPCA61593.2024.10709325","https://www.scopus.com/inward/record.uri?eid=2-s2.0-85207938201&doi=10.1109%2FICIPCA61593.2024.10709325&partnerID=40&md5=bb96586e5fd06636a6e5c7ca38edf2d7","In the management of fresh food supermarkets, making optimal replenishment decisions for various vegetable categories daily is crucial when the specific items and purchase prices are not accurately known. To assist supermarkets in selecting reasonable sales combinations, this article formulates intelligent pricing and replenishment strategies for vegetable products using clustering, random forest models, and machine learning algorithms for modeling and problem solving. The main research contents are as follows: For problem one, data preprocessing is conducted initially. The distribution patterns of various categories are explored using wavelet analysis, leading to the conclusion that most data exhibit strong periodicity. The interrelationships among various categories are determined using the elbow method to identify the optimal parameters, followed using K-means clustering and hierarchical clustering to roughly divide the sales volumes of various categories into two classes. Upon finding that the data does not conform to a normal distribution, the Spearman correlation coefficient analysis method is applied for data processing. To analyze the distribution patterns of individual vegetable products, seasonal decomposition is used to analyze their periodic characteristics and certain anomalies. The interrelationships among individual vegetable products are evaluated using the Granger causality test, which shows that there is a significant impact on the sales volumes of most vegetable products, with only a small portion of the data showing weaker sales volume impacts between products. For problem two, a weighted sales unit price model is established based on the differences in sales unit prices of individual vegetable products. This is followed by constructing an XGBoost machine learning algorithm embedded with grid search to predict the sales volumes of various vegetable categories in the coming week, and the model is evaluated for six categories, showing excellent fitting effects. Subsequently, an LSTM-RF time series forecasting model is built to predict the cost of various vegetable categories in the coming week. An objective function is established with the aim of maximizing supermarket profits, and the optimal daily replenishment total and pricing strategy are obtained using a genetic algorithm. For problem three, the category problem is further subdivided into the problem of daily replenishment quantity and pricing strategy for individual products based on the work conducted for problem two. Some modifications are made to the weighted sales unit price model, and a grid search-based XGBoost random forest prediction model and LSTM time series prediction model are continued to be established to predict the daily sales volume and cost price of vegetable products. The optimal daily replenishment quantity and pricing strategy for individual products are then determined using the particle swarm optimization algorithm. For problem four, the multiple factors considered in the models established for problems two and three are addressed. Relevant data collection is proposed to address the shortcomings of the models, such as seasonal factors, promotional factors, and market factors. Furthermore, model optimization and parameter adjustments are made to enhance the flexibility of the model. © 2024 Elsevier B.V., All rights reserved.","genetic algorithm; K-means clustering; replenishment decisions for vegetable products; wavelet analysis; XGBoost","Conformal mapping; Cost benefit analysis; Decision making; Hierarchical clustering; K-means clustering; Random forests; Sales; K-means++ clustering; Machine learning algorithms; Pricing strategy; Replenishment decision for vegetable product; Sale volumes; Unit prices; Vegetable products; Wavelet analyze; Wavelet-analysis; Xgboost; Vegetables","","English","Conference paper","Final","","Scopus","2-s2.0-85207938201"
"Rekha, C.S.; Sathwika, K.B.; Nandini, G.S.; Sumanth, R.; Syed, S.","Rekha, Chinni Swarna (59363142300); Sathwika, Kanyadara Bala (59234400200); Nandini, Govapudi Siva (59363402800); Sumanth, Rayankula (59362617000); Syed, Shareefunnisa (57203912858)","59363142300; 59234400200; 59363402800; 59362617000; 57203912858","Ensemble Strategies for Predicting Walmart Sales Using Regression Models","2024","","","","","693","699","0","0","10.1109/ICISC62624.2024.00123","https://www.scopus.com/inward/record.uri?eid=2-s2.0-85206113506&doi=10.1109%2FICISC62624.2024.00123&partnerID=40&md5=482b7d033591a20b5137744f6ae3cdb9","This study looks into predictive modeling in the retail sector, with a specific focus on improving sales price predictions for Walmart's extensive product line. It uses advanced machine learning algorithms and statistical models to rigorously analyze historical sales data alongside external factors such as economic indicators and seasonal trends in order to generate effective models. Our research uses approaches such as Light GBM, Random Forest, Gradient Boosting, Cat Boosting, and K Nearest Neighbors to explore the complex interplay between pricing dynamics and consumer behavior. Our findings not only promote predictive analytics in retail, but also have practical implications for industry practitioners, particularly Walmart, in terms of pricing strategies, inventory management, and overall business performance. We show that the voting ensemble strategy outperforms averaging by accurately improving predictive accuracy across varied base model combinations. © 2024 Elsevier B.V., All rights reserved.","Cat Boosting; Ensemble Learning; Gradient Boosting; K Nearest Neighbors; Light Gradient-Boosting Machine; Machine learning; Random Forest; Sales prediction","Adversarial machine learning; Contrastive Learning; Costs; Decision trees; Inventory control; Machine learning; Nearest neighbor search; Predictive analytics; Random forests; Sales; Cat boosting; Ensemble learning; Gradient boosting; K near neighbor; Light gradient-boosting machine; Light gradients; Machine-learning; Nearest-neighbour; Sale predictions; Prediction models","","English","Conference paper","Final","","Scopus","2-s2.0-85206113506"
"Kumari, A.; Mohan Kumar, S.","Kumari, Archana (58171320200); Mohan Kumar, S. (57194179796)","58171320200; 57194179796","Dynamic Pricing: Trends, Challenges and New Frontiers","2024","","","","","","","0","4","10.1109/InC460750.2024.10649341","https://www.scopus.com/inward/record.uri?eid=2-s2.0-85203827876&doi=10.1109%2FInC460750.2024.10649341&partnerID=40&md5=14b500e9e9f45e8383d2b0ef3abd30a5","Modern dynamic pricing has emerged as a computer-automated strategy that has revolutionized pricing methodologies and consumer interactions across various industries. This paper delves into the intricate domain of dynamic pricing, presenting an overview of its significance and the complex factors influencing its implementation. Within the realms of computer science, this subject involves heuristic development, data science, and the design of robust system architectures. The paper extensively examines the application of dynamic pricing in critical sectors such as e-commerce, travel, energy, electric vehicle charging, cloud computing, and ride-sharing services. It highlights the strategies and algorithms employed in each sector, showcasing their effectiveness in adapting to dynamic market conditions. The pivotal role of competitive forces, demand dynamics, inventory management, and price discrimination in shaping dynamic pricing strategies is explored in depth. Furthermore, this paper identifies promising avenues for future research in dynamic pricing, spanning industries such as transportation, energy, online platforms, industrial parks, automated machine learning, emerging technologies, and real-time pricing. It serves as a comprehensive guide to the contemporary state-of-the-art in dynamic pricing, shedding light on its multifaceted nature, broad applications, and exciting prospects for advancement across diverse industries. © 2024 Elsevier B.V., All rights reserved.","Algorithm and Strategy; Dynamic pricing; Future work","Costs; Transportation charges; Algorithm and strategy; Complex factors; Consumer interaction; Dynamic pricing; Energy; Future work; Heuristic development; Pricing trends; Robust systems; Systems architecture; Inventory control","","English","Conference paper","Final","","Scopus","2-s2.0-85203827876"
"Aishwarya Gowda, A.G.; Su, H.-K.; Kuo, W.-K.","Aishwarya Gowda, A. G. (57443254700); Su, Huikai (8393614700); Kuo, Wenkai (7202113204)","57443254700; 8393614700; 7202113204","Personalized E-commerce: Enhancing Customer Experience through Machine Learning-driven Personalization","2024","","","","","","","0","6","10.1109/ICITEICS61368.2024.10624901","https://www.scopus.com/inward/record.uri?eid=2-s2.0-85203710855&doi=10.1109%2FICITEICS61368.2024.10624901&partnerID=40&md5=5ff0c6e071135c617bb784cd39e39724","In today's digital landscape, the proliferation of e-commerce platforms has completely transformed how consumers interact with products and services. Amidst this shift, personalization has become a crucial strategy for creating tailored and engaging shopping experiences. This research paper explores the world of personalized e-commerce, investigating how machine learning techniques are utilized to cater to individual customer preferences, enhance conversions, and foster customer loyalty. Through an in-depth review of scholarly literature and case studies, this paper delves into the role of machine learning algorithms in analyzing vast amounts of user data, including browsing history, purchasing behavior, and demographic information. These algorithms are leveraged to deliver personalized product recommendations, dynamic pricing strategies, and curated content. Additionally, the paper examines the ethical considerations surrounding data privacy, transparency, and the potential for algorithmic bias in personalized recommendations. By analyzing successful implementation strategies and the challenges faced by e-commerce businesses, this research provides valuable insights into the potential of machine learning-driven personalization to revolutionize the e-commerce landscape. The findings offer practical recommendations for businesses aiming to strike a balance between delivering tailored experiences and maintaining consumer trust, ultimately fostering sustainable growth in the highly competitive e-commerce market. © 2024 Elsevier B.V., All rights reserved.","customer loyalty; e-commerce; machine learning; personalized recommendation; shopping","Adversarial machine learning; Commerce platforms; Customer experience; Customer loyalty; E- commerces; Machine-learning; Personalizations; Personalized recommendation; Product and services; Research papers; Shopping; Marketplaces","","English","Conference paper","Final","","Scopus","2-s2.0-85203710855"
"Eşki, D.; Kaya, T.","Eşki, Doruk (59315104600); Kaya, Tolga (57210224347)","59315104600; 57210224347","Retail Demand Forecasting Using Temporal Fusion Transformer","2024","Lecture Notes in Networks and Systems","1090 LNNS","","","165","170","0","1","10.1007/978-3-031-67192-0_21","https://www.scopus.com/inward/record.uri?eid=2-s2.0-85203119613&doi=10.1007%2F978-3-031-67192-0_21&partnerID=40&md5=3e460f5e61936914827b494ffb68284e","Demand forecasting is a vital problem that affects nearly every aspect of supply chain management operations in the retail industry. A retailer would need to precisely anticipate the upcoming demand to efficiently manage their inventory, form profitable pricing strategies, and handle logistics operations in time. Novel techniques in machine learning and deep learning literature have also been important in demand forecasting domain as they thrive at extracting complex relationships from data. In this study, a multivariate hierarchical time series forecasting problem is tackled for a leading retailer that operates with hundreds of stores in Turkey. A dataset consisting of 50 items for e-commerce channel sales starting from 2016 is used. A well-known transformer-based Deep Learning algorithm, Temporal Fusion Transformer has been compared against numerous state-of-the-art architectures such as DeepAR, N-Beats, and NHITS and a classical time series analysis technique, ARIMA. We observe that TFT significantly outperforms benchmark algorithms and can work well with a relatively smaller dataset. © 2024 Elsevier B.V., All rights reserved.","Deep Learning; Demand Forecasting; Multivariate Time Series Analysis; Supply Chain Management","Sales; Supply chain management; Supply chains; Time series; Chain management; Deep learning; Demand forecasting; Logistic operations; Management operation; Multivariate time series analysis; Novel techniques; Pricing strategy; Profitable pricing; Retail industry; Demand response","Kahraman, C.; Cevik Onar, S.; Cebi, S.; Oztaysi, B.; Ucal Sari, I.; Tolga, A.C.","English","Conference paper","Final","","Scopus","2-s2.0-85203119613"
"Xu, Y.; Wang, X.; Yu, H.","Xu, Yunfei (59187307900); Wang, Xianjun (59187308000); Yu, Huaizhi (59188121900)","59187307900; 59187308000; 59188121900","Research on Pricing Decisions Optimization Algorithm of Fresh Agricultural Product Supply Chain Under the Background of Artificial Intelligence","2024","Lecture Notes on Data Engineering and Communications Technologies","197","","","361","370","0","0","10.1007/978-981-97-1979-2_32","https://www.scopus.com/inward/record.uri?eid=2-s2.0-85203053345&doi=10.1007%2F978-981-97-1979-2_32&partnerID=40&md5=63119a6698c65e3966ab41dd67de7d88","With the economic development and the improvement of cold chain logistics service technology, more and more fresh food enterprises are committed to expanding their retail scope, seizing market share and improving their profits. This paper studies the pricing decision optimization algorithm of fresh agricultural product supply chain under the background of artificial intelligence, aiming to improve the efficiency and competitiveness of fresh agricultural product supply chain. Aiming at the difficulties and challenges in the pricing decision of fresh agricultural products supply chain, an optimization algorithm is proposed. The algorithm considers the impact of delivery time on the pricing and service decisions of fresh agricultural products, aims to improve the revenue of supply chain members, constructs a dual-channel game model, analyzes and evaluates multiple links in the fresh agricultural product supply chain, optimizes the pricing strategy, and provides appropriate management suggestions for the relevant decisions of fresh supply chain members. This paper discusses and analyzes the relevant theories and methods of pricing decision-making in the supply chain of fresh agricultural products, selects the actual fresh agricultural products market as the experimental platform, and verifies the effectiveness and feasibility of the algorithm through experiments. The results show that the pricing decision optimization algorithm of fresh agricultural products supply chain based on artificial intelligence technology has high accuracy and efficiency, which can provide useful help for the management and optimization of fresh agricultural product supply chain. The results of this study are of great significance for the management and optimization of fresh agricultural supply chain, and the algorithm can be further studied and applied in the future to improve the efficiency and competitiveness of fresh agricultural product supply chain. © 2024 Elsevier B.V., All rights reserved.","Artificial intelligence; Game theory; Model building; Optimization algorithm; Supply chain","Cold chain logistics; Economic development; Food enterprise; Fresh agricultural products; Fresh food; Logistics services; Optimisations; Optimization algorithms; Pricing decision; Product supply chains","","English","Conference paper","Final","","Scopus","2-s2.0-85203053345"
"Boutyour, Y.; Idrissi, A.","Boutyour, Youness (58561171300); Idrissi, A. (16642413200)","58561171300; 16642413200","A Deep Reinforcement Learning Approach to Dynamic Airline Ticket Pricing and Customer Response Analysis","2024","International Journal of Artificial Intelligence","22","2","","68","91","0","1","","https://www.scopus.com/inward/record.uri?eid=2-s2.0-85202510753&partnerID=40&md5=143091f6d6d29a98fe14ced7ea099895","In the ever-changing landscape of airline ticket sales, efficient dynamic pricing strategies are crucial for maximizing revenue while catering to diverse customer preferences. This paper explores the application of Deep Reinforcement Learning (DRL) algorithms, namely REINFORCE, PPO, A2C, SAC, and TD3, in the context of airline ticket pricing. Leveraging a synthetic dataset and a Generalized Linear Model, these algorithms were rigorously evaluated. Our study reveals that TD3 outperforms other models, showcasing rapid convergence and robust reward optimization capabilities. We also provide a comparative analysis of training times, essential for practical implementation. Through extensive experimentation and computational analysis, this research contributes valuable insights into the efficacy of DRL techniques in dynamic pricing. The findings not only offer benchmarks for airline industry applications but also illuminate the broader potential of advanced machine learning methods in revenue management across various sectors. This study underscores the pivotal role of artificial intelligence in shaping the future of pricing strategies, providing a roadmap for businesses aiming to stay competitive in today’s dynamic markets. © 2024 Elsevier B.V., All rights reserved.","Artificial Intelligence; Deep Reinforcement Learning; Dynamic Ticket Pricing; Revenue Optimization","","","English","Article","Final","","Scopus","2-s2.0-85202510753"
"Ma, Y.; Li, B.; Wu, Q.","Ma, Yueyue (59227935300); Li, Boyu (59179522700); Wu, Qing (57199303641)","59227935300; 59179522700; 57199303641","Automatic Pricing and Replenishment Decision of Vegetable Commodities: A Multi-model Perspective","2024","","","","","200","205","0","0","10.1109/AINIT61980.2024.10581783","https://www.scopus.com/inward/record.uri?eid=2-s2.0-85199169484&doi=10.1109%2FAINIT61980.2024.10581783&partnerID=40&md5=560049a8e879444d42a1631c62fcdd91","In fresh food supermarkets, the shelf life of vegetable products is relatively short. In order to make reliable and reasonable replenishment and pricing decisions, and achieve maximum sales revenue and profit, this article first studies the Pearson correlation coefficient model to study the relationship between various categories of vegetables and the sales volume of individual products; Then, a time series model is established from a vertical perspective combined with ARIMA, and a random forest model is established from a horizontal perspective. Then, the final strategy for predicting the daily replenishment volume and pricing strategy for the next week is obtained by integrating the two models; Finally, considering the limited sales space of vegetable supermarkets, we optimized the machine learning model using gradient descent and proposed a daily replenishment and pricing strategy to maximize profits. © 2024 Elsevier B.V., All rights reserved.","automatic pricing; data analyse; gradient descent; random forest; time series","Correlation methods; Costs; Forestry; Gradient methods; Profitability; Retail stores; Sales; Time series; Automatic pricing; Data analyze; Fresh food; Gradient-descent; Multi-modelling; Pricing strategy; Random forests; Shelf life; Times series; Vegetable products; Vegetables","","English","Conference paper","Final","","Scopus","2-s2.0-85199169484"
"Yamuna, G.; Paul Dhinakaran, D.; Vijai, C.; Kingsly, P.S.J.; Raynukaazhakarsamy; Rukmani Devi, S.R.","Yamuna, G. (59223342400); Paul Dhinakaran, D. (58988150400); Vijai, C. (58930250700); Kingsly, P. S.Joan (57210451314); Raynukaazhakarsamy (59223342500); Rukmani Devi, S. Rukmani (58489473100)","59223342400; 58988150400; 58930250700; 57210451314; 59223342500; 58489473100","Machine Learning-Based Price Optimization for Dynamic Pricing on Online Retail","2024","","","","","","","0","7","10.1109/ICONSTEM60960.2024.10568763","https://www.scopus.com/inward/record.uri?eid=2-s2.0-85198850832&doi=10.1109%2FICONSTEM60960.2024.10568763&partnerID=40&md5=3feba87914ec9364ade08dd9f4c08aeb","Machine learning is having a profound impact on the dynamic pricing environment in e-commerce. This research digs into the use of dynamic pricing based on machine learning to shed light on how this trend is reshaping e-commerce's profitability, consumer happiness, and competitive landscape. Collecting data, cleaning up the data, choosing the right model, and evaluating the results are all part of the research technique. The hypothetical data shows a certain way to maximise profits and keep customers. Practical applications of this research are discussed, with an emphasis on the ethical issues raised by dynamic pricing. The last section highlights the significance of dynamic pricing based on machine learning, providing a road map for a more dynamic, adaptable, and lucrative future in online retail for both firms and customers. The article finishes with a look to the future, revealing promising opportunities to further customization, resolve ethical problems, and apply dynamic pricing models across a wide range of businesses. © 2024 Elsevier B.V., All rights reserved.","Customer Retention; Customer Satisfaction; Dynamic Pricing; Future Directions; Machine Learning; Online Retail; Pricing Strategies; Profit Maximization; Real-time Pricing","Costs; E-learning; Electronic commerce; Machine learning; Philosophical aspects; Profitability; Sales; Customer retention; Customers' satisfaction; Dynamic pricing; E- commerces; Future direction; Machine-learning; Online retails; Pricing strategy; Profit maximization; Real time pricing; Customer satisfaction","","English","Conference paper","Final","","Scopus","2-s2.0-85198850832"
"Asha, P.; Sujihelen, L.; Mary, V.S.; Suresh, L.P.; Raja, A.D.M.; Praveen, S.","Asha, P. P. (56112788400); Sujihelen, L. (56100365300); Mary, Vinisha Sheela (59210360100); Suresh, L. Padma (54917154800); Raja, Arthur David M. (59210891500); Praveen, Sheeba (59273976300)","56112788400; 56100365300; 59210360100; 54917154800; 59210891500; 59273976300","Unleashing Business growth potential through Advanced Analytics and Predictive Model driven by Artificial Intelligence","2024","","","","","","","0","1","10.1109/ICSTEM61137.2024.10561164","https://www.scopus.com/inward/record.uri?eid=2-s2.0-85197920581&doi=10.1109%2FICSTEM61137.2024.10561164&partnerID=40&md5=1994182bd8361fbb98e2fd96cb0c9d05","This work synthesis research on AI-Driven Business Insights unleashing growth potential with advanced analytics and predictive modelling with a diverse solution that brings together numerous pre-eminent components to help business unlock untapped growth opportunities. By exploring the utilization of revenue prediction and sales forecasting capabilities companies can obtain priceless perspectives on future trend which enables them to make knowledgeable decisions and designate resources effectively. Customer segmentation allows businesses to identify their target audience in order to implement the marketing strategies refining customer satisfaction and retention. Employing customer churn analysis allows businesses to recognize potential churners and implement preemptive actions to maintain their loyalty. Profit prediction aids businesses in comprehending the factors that influence profitability and streamlining their operations for improved financial results. Finding the ideal price for goods or services may help maximize profits and maintain a competitive edge in the market which is price optimization. © 2024 Elsevier B.V., All rights reserved.","Analytics; Artificial Intelligence; Business Insights; Churn Analysis; Customer Segmentation; Decision; Pricing Strategy; Profit Optimization; Revenue Enhancement; Sales Forecasting","Artificial intelligence; Commerce; Costs; Customer satisfaction; Predictive analytics; Sales; Analytic; Business insight; Churn analysis; Customers segmentations; Decision; Growth potential; Pricing strategy; Profit optimization; Revenue enhancement; Sales forecasting; Profitability","","English","Conference paper","Final","","Scopus","2-s2.0-85197920581"
"Qu, J.","Qu, Jiacong (59172138000)","59172138000","Research on Vegetable Replenishment and Pricing Strategies for Supermarkets Based on Time Series and Multi-Objective Planning","2024","","","","","614","618","0","1","10.1109/ICCECT60629.2024.10546009","https://www.scopus.com/inward/record.uri?eid=2-s2.0-85195956562&doi=10.1109%2FICCECT60629.2024.10546009&partnerID=40&md5=744a5222ec6f6cc39b42ff9c03a59f38","This paper conducts in-depth research on the replenishment and pricing strategy of vegetable products in fresh food superstores, and comprehensively analyzes the vegetable sales data by using Spearman correlation coefficient test, Support Vector Regression (SVR), Long and Short-term Memory Recurrent Neural Networks (LSTM), Multi-Objective Planning and Particle Swarm Optimization Algorithm, etc. The data are integrated, cleaned, and visualized to reveal the changing law of vegetable category and specific product sales volume. Firstly, through data integration and cleaning and visualization, the changing law of vegetable category and single product sales volume is revealed, and the interrelationship between categories and single products is explored by using Spearman's correlation coefficient test; Secondly, combined with the cost-plus model and the time series prediction, the replenishment volume and pricing strategy of the next 7 days are provided with scientific basis; Finally, considering the actual operational constraints, the specific replenishment volume and pricing strategy are given through multi-objective planning and particle swarm optimization algorithm, a specific replenishment and pricing scheme is given. In addition, this paper also collects data from consumer preference, market competition, natural factors, and other aspects to provide comprehensive suggestions for the optimization strategy of the superstore and evaluates and improves the model. © 2024 Elsevier B.V., All rights reserved.","long and short-term memory networks; multi-objective planning; particle swarm optimization algorithms; support vector regression; Vegetable replenishment and pricing strategies","Brain; Competition; Costs; Long short-term memory; Multiobjective optimization; Sales; Time series; Vegetables; Long and short term memory; Long and short-term memory network; Memory network; Multi-objective planning; Particle swarm optimization algorithm; Pricing strategy; Replenishment strategies; Spearman correlation coefficients; Support vector regressions; Vegetable replenishment and pricing strategy; Particle swarm optimization (PSO)","","English","Conference paper","Final","","Scopus","2-s2.0-85195956562"
"Zhao, X.; Luo, Q.; Wang, L.","Zhao, Xuan (59172377100); Luo, Qian (59172016600); Wang, Liuying (59171772600)","59172377100; 59172016600; 59171772600","Research on Vegetable Sales Strategies of Supermarkets Based on Time Series Analysis and Particle Swarm Optimization","2024","","","","","609","613","0","0","10.1109/ICCECT60629.2024.10546024","https://www.scopus.com/inward/record.uri?eid=2-s2.0-85195930634&doi=10.1109%2FICCECT60629.2024.10546024&partnerID=40&md5=404dea6f1316ff4db4b713d51d6ad023","This paper conducts a comprehensive study on the replenishment and pricing problems in the sales of vegetables in supermarkets, utilizing models such as neural networks, particle swarm algorithms, and multi-objective planning to establish a replenishment and pricing strategy based on the historical transaction information, and puts forward the suggestion of collecting more data. Firstly, the distribution pattern and correlation of sales volume of vegetable categories and individual products are analyzed, and the sales volume distribution graph is drawn through monthly data and the significance test is conducted by using Pearson's correlation coefficient and Spearman's correlation coefficient. Next, the relationship between total sales volume and cost-plus pricing is studied, and the relationship is determined through scatter plot and regression analysis, it is finally found that there is no significant relationship between total sales volume and cost-plus pricing. Next, neural network and ARIMA algorithms were used to predict the sales volume and price of the vegetable category in the coming week, and the particle swarm algorithm was applied to solve the optimization model, and the optimal solution for the revenue was obtained as $2,408.5. Finally, a multi-objective particle swarm algorithm is used to optimize the selection of saleable individual products to ensure that the market demand is met while maximizing the revenue of the superstore. In addition, this study suggests collecting more data from multiple sources to improve the accuracy and applicability of the model. © 2024 Elsevier B.V., All rights reserved.","neural network; particle swarm algorithm; time series analysis; vegetable marketing","Correlation methods; Cost benefit analysis; Data acquisition; Harmonic analysis; Multiobjective optimization; Particle swarm optimization (PSO); Regression analysis; Retail stores; Sales; Vegetables; Multi-objective planning; Neural-networks; Particle swarm; Particle swarm algorithm; Pricing problems; Sale volumes; Sales strategies; Swarm optimization; Time-series analysis; Vegetable marketing; Time series analysis","","English","Conference paper","Final","","Scopus","2-s2.0-85195930634"
"Amellal, A.; Amellal, I.; Ech-Charrat, M.R.","Amellal, Asmae (58404564900); Amellal, Issam (57731576500); Ech-Charrat, Mohammed Rida (57194114484)","58404564900; 57731576500; 57194114484","Hybrid Predictive Modeling for Automotive After-Sales Pricing: Integrating BiLSTM-Attention and Fuzzy Logic","2024","Lecture Notes in Business Information Processing","507 LNBIP","","","172","188","0","0","10.1007/978-3-031-58113-7_15","https://www.scopus.com/inward/record.uri?eid=2-s2.0-85194071875&doi=10.1007%2F978-3-031-58113-7_15&partnerID=40&md5=452a268dd748e9d28dea7895b5dbc9b1","In the automotive service and spare parts distribution sector, effective supply chain management is paramount as it directly impacts customer satisfaction, profits, and overall competitiveness. To optimize these crucial aspects, a robust fuzzy logic framework has been developed, taking into account the intricate connections between customer demand, customer sentiment, product availability, and pricing strategy. This study focuses on after-sales services provided by Moroccan automobile companies, utilizing workshop entry data from Enterprise Resource Planning (ERP) systems across multiple cities in the country. To accurately capture customer sentiment, a Bidirectional Long Short-Term Memory (BiLSTM) with attention model, a deep learning strategy, is employed to complete any missing customer sentiment data. Leveraging the power of neural networks, this approach effectively analyzes and predicts sentiment patterns. Once the sentiment data is completed, a Fuzzy Logic model is utilized to determine the most optimal pricing strategy. By considering various factors through fuzzy sets and rules, this model allows informed decision-making to strike the right balance between profitability and customer satisfaction. The employed models demonstrated strong performance, as evidenced by metrics such as MSE and R2. Specifically, the BiLSTM-attention model achieved an R2 of 0.87, while the fuzzy logic model registered an impressive R2 of 0.91. Furthermore, when juxtaposed with alternative models, our framework’s superior efficacy became evident. © 2024 Elsevier B.V., All rights reserved.","BiLSTM-attention; Deep learning; Fuzzy method; price prediction; Supply chain management","Computer circuits; Costs; Decision making; Deep learning; Enterprise resource planning; Fuzzy logic; Learning systems; Profitability; Sales; Supply chain management; Attention model; Automotives; Bidirectional long short-term memory-attention; Customers' satisfaction; Fuzzy logic modeling; Fuzzy methods; Fuzzy-Logic; Price prediction; Pricing strategy; Customer satisfaction","Sheu, S.-H.","English","Conference paper","Final","","Scopus","2-s2.0-85194071875"
"Cheng, J.; Zhang, J.","Cheng, Jin (59128765900); Zhang, Jing (59129340300)","59128765900; 59129340300","Intelligent Pricing Model for Cross-border E-commerce Based on Artificial Intelligence","2024","","","","","258","261","0","1","10.1109/ECEI60433.2024.10510821","https://www.scopus.com/inward/record.uri?eid=2-s2.0-85193260125&doi=10.1109%2FECEI60433.2024.10510821&partnerID=40&md5=a04e4c5e9d1af576acd9a899cfacbd01","This study was carried out to explore an intelligent pricing model for cross-border e-commerce based on artificial intelligence (AI) An efficient pricing system was developed to integrate market factors, competitive strategies, costs, and user behavior. Through machine learning algorithms and real-time data analysis, the system automatically adjusts product prices to adapt to complex international market conditions. User satisfaction, product transaction goods, quantity, and price were estimated in the system to ensure the sustainability of the model and the accuracy of the prediction. © 2024 Elsevier B.V., All rights reserved.","AI; cross-border e-commerce; smart pricing","Behavioral research; Costs; Electronic commerce; International trade; Machine learning; Competitive strategy; Cost behavior; Cross-border; Cross-border e-commerce; E- commerces; Market-factors; Pricing models; Pricing systems; Smart pricing; User behaviors; Learning algorithms","Meen, T.-H.","English","Conference paper","Final","","Scopus","2-s2.0-85193260125"
"Yi, Y.; Bian, J.; He, Z.; Lv, L.","Yi, Yaoyang (59008542300); Bian, Junjie (59008330300); He, Ziming (59008123400); Lv, Lilong (59008330400)","59008542300; 59008330300; 59008123400; 59008330400","Construction of Automatic Replenishment Dynamic Model based on LSTM Neural Network and Simulated Annealing Algorithm","2024","","","","","","","0","1","10.1109/ICICACS60521.2024.10499071","https://www.scopus.com/inward/record.uri?eid=2-s2.0-85191697952&doi=10.1109%2FICICACS60521.2024.10499071&partnerID=40&md5=10ad8a38600263b33dcd6ca01d53e3cc","Due to the strong cyclical and seasonal special training of vegetable products in the sales process, it is very necessary to develop flexible pricing and marketing strategies for consumers. This paper mainly studies the formulation of reasonable replenishment strategy, establishes the pricing model of vegetable products, to reduce the loss of the supermarket and bring higher profits. Firstly, after descriptive statistics of six dishes, the correlation is obtained by gray correlation analysis, and the model, the nonlinear function of total sales and cost-plus pricing is determined, and the LSTM model is predicted to change, the simulated annealing algorithm is used to solve the optimal profit in the next week. T hen, the entropy right comprehensive evaluation method is used to select vegetables with high scores, and use the LSTM model to predict the capture and pricing strategy of commodities in the next month. Finally, more variables are included in the replenishment decision and pricing model to further optimize the model. Studies have found that the established LSTM model and the sales of optimized model vegetables have a lot to do. Reasonable establishment of models to control prices can help the sales of vegetables. © 2024 Elsevier B.V., All rights reserved.","LSTM neural network; replenishment decision and pricing model; Seasonal SARIMA model; simulated annealing algorithm","Cost benefit analysis; Fruits; Long short-term memory; Profitability; Sales; Vegetables; Annealing algorithm; Decision modeling; LSTM neural network; Neural-networks; Pricing models; Pricing strategy; Replenishment decision and pricing model; Seasonal SARIMA model; Simulated annealing algorithm; Vegetable products; Simulated annealing","","English","Conference paper","Final","","Scopus","2-s2.0-85191697952"
"Semwal, M.; Akila, K.; Manasa, M.; Raj, P.S.; Motukuru, Y.; Karthik, P.","Semwal, Manisha (58552269500); Akila, K. (59000710000); Manasa, Madasu (57189681876); Raj, Patil Sai (59000635100); Motukuru, Yasaswini (59000635200); Karthik, Pusapati (58828280300)","58552269500; 59000710000; 57189681876; 59000635100; 59000635200; 58828280300","Machine Learning-Enabled Business Intelligence For Dynamic Pricing Strategies In E-Commerce","2024","","","","","116","120","0","5","10.1109/ICDT61202.2024.10489724","https://www.scopus.com/inward/record.uri?eid=2-s2.0-85191258764&doi=10.1109%2FICDT61202.2024.10489724&partnerID=40&md5=c3a1e45af90ea9475e454614eb5b84ee","The ever-evolving landscape of e-commerce makes dynamic pricing strategies an absolute necessity for businesses that want to maximise their earnings and keep a leading edge in their respective industries. This study was conducted with the intention of determining whether or not the application of machine learning (ML) and business intelligence (BI) could result in the development of dynamic pricing strategies that are more successful. Many companies have been unsuccessful because they relied on pricing techniques that had become obsolete as a result of the constantly shifting nature of the digital market. This study addresses the need for a more dynamic and data-driven pricing approach in online environments, thereby bridging a gap in the existing body of research on the topic. Although machine learning has been shown to be helpful in a variety of business contexts, its potential for dynamic pricing in online stores has not yet been completely explored through its integration with business intelligence. This is despite the fact that machine learning has been valuable in a number of business situations. The currently available research does not provide a comprehensive understanding of the synergies that can be achieved by combining ML and BI in pricing optimisation. The Support Vector Machine (SVM), a machine learning technique, was selected as the primary tool for this study because of its ability to deal with intricate and nonlinear interactions included within enormous datasets. Combining technologies that are used for business intelligence in order to collect, process, and present important data results in the creation of a sophisticated framework that can be used to make decisions regarding pricing in real time. According to the findings, having a business intelligence system that is empowered with machine learning significantly improves a company's capacity to accurately price its products and services and to respond rapidly to changes in the market. Price decisions can be made that are both more precise and more sensitive to nuances thanks to the adaptability of the SVM model to changing market conditions. © 2024 Elsevier B.V., All rights reserved.","Business Intelligence; Dynamic Pricing; E-commerce; Machine Learning; SVM","Costs; Learning systems; Support vector machines; Business contexts; Business-intelligence; Data driven; Digital markets; Dynamic pricing; E- commerces; Machine-learning; Online environments; Pricing strategy; Support vectors machine; Electronic commerce","","English","Conference paper","Final","","Scopus","2-s2.0-85191258764"
"Tang, Y.","Tang, Yuyang (58999291600)","58999291600","Intelligent Optimization Analysis of Automatic Pricing and Replenishment of Vegetable Products Based on Combinatorial Machine Learning Models","2024","","","","","511","516","0","0","10.1109/EEBDA60612.2024.10485992","https://www.scopus.com/inward/record.uri?eid=2-s2.0-85191196445&doi=10.1109%2FEEBDA60612.2024.10485992&partnerID=40&md5=cfb51b4473dd696ff4f4feef0011cb86","Based on the idea of market demand and supply, this paper establishes a combined machine learning model by determining the indicators such as sales volume, demand, supply, etc., with the goal of maximizing the interests of the superstore, and adopts an intelligent optimization algorithm to realize the optimization analysis of automatic fixing and replenishment for vegetable commodities. First, Spearman correlation coefficient is used to quantitatively analyze the correlation between different categories to quantify the degree of correlation between different vegetable categories, and K-means cluster analysis is used to analyze the sales data of each category of vegetables, and different vegetables are divided into different clusters based on sales volume, so as to identify the vegetable items with similar sales volume. Then, XGBoost model and time series autoregressive model were used to construct a combined machine learning model, which realized the prediction of future price data based on historical price data and the prediction of future sales volume by combining the unit price and the price, and carried out the smoothing test and the seasonality test on the data to further optimize the predictive ability of the model. And it realized the prediction of future week's price, and the prediction of future week's price was realized based on the prediction results of the combined machine learning model. Based on the prediction results of the model, an automatic pricing strategy and replenishment strategy function with the goal of maximizing revenue is established, and genetic algorithm is applied to realize the solution of the model to obtain the corresponding optimal pricing. Finally, the objective function is shifted from the overall category to specific commodities, and the constraints adapted to it are set for specific time points, which are still solved by intelligent optimization algorithms and optimization analyses are carried out, and specific replenishment quantities. And pricing strategies are formulated for the commodities, so as to achieve the maximum revenue of the superstore. © 2024 Elsevier B.V., All rights reserved.","genetic algorithm; K-means cluster analysis; spielman correlation coefficient; time series autoregression; XGBoost model","Cluster analysis; Costs; Economics; Forecasting; Genetic algorithms; K-means clustering; Regression analysis; Sales; Time series; Time series analysis; Autoregression; Correlation coefficient; K-means cluster analysis; Machine learning models; Optimization analysis; Sale volumes; Spielman correlation coefficient; Time series autoregression; Times series; Xgboost model; Vegetables","","English","Conference paper","Final","","Scopus","2-s2.0-85191196445"
"Jin, Y.; Hao, R.; Zeng, R.","Jin, Yancheng (58999394200); Hao, Ruimeng (58998802300); Zeng, Ruiqi (58999245900)","58999394200; 58998802300; 58999245900","A Study of Pricing and Replenishment Decisions Based on Wavelet Neural Network Prediction","2024","","","","","775","780","0","0","10.1109/EEBDA60612.2024.10485923","https://www.scopus.com/inward/record.uri?eid=2-s2.0-85191167719&doi=10.1109%2FEEBDA60612.2024.10485923&partnerID=40&md5=2967d29a6478dbaf5be1f5b27cd4549f","Management of shelf life becomes a critical issue in the sale of vegetables in fresh produce supermarkets. Using the provided data, this study provides an in-depth analysis of the sales patterns among vegetable categories and predicts the restocking volume and pricing strategy of vegetable categories in the coming week and on specific dates. In the sales distribution analysis, it was found that none of the six categories of vegetables conformed to normal distribution, and the pattern of sales volume affected by season and epidemic was explored by plotting graphs and calculating Spearman's correlation coefficient. Further, the relationship between total sales volume and pricing was investigated through a multiple linear regression model and combined with a wavelet neural network to predict sales volume, a multi-objective nonlinear planning model was established, and a linear approximation bundle optimization method was applied to solve for maximum profit. For the replenishment strategy on a specific date, a simulated annealing algorithm is used to solve the problem by combining the data features and model constraints, and the replenishment volume and pricing strategy of a specific product are effectively predicted. © 2024 Elsevier B.V., All rights reserved.","Fresh produce supermarket; multi-objective optimization; Vegetable sales pattern; Wavelet neural network","Costs; Linear regression; Multiobjective optimization; Normal distribution; Retail stores; Simulated annealing; Vegetables; Decision-based; Fresh produce; Fresh produce supermarket; Multi-objectives optimization; Neural network predictions; Neural-networks; Pricing strategy; Sale volumes; Vegetable sale pattern; Wavelet neural network; Sales","","English","Conference paper","Final","","Scopus","2-s2.0-85191167719"
"Lin, B.; Shi, Y.; Wang, J.; Chen, X.","Lin, Binru (58999841600); Shi, Yuxuan (58999105500); Wang, Jingyi (59450064200); Chen, Xinying (58999251500)","58999841600; 58999105500; 59450064200; 58999251500","Analysis of Vegetable Sales Volume Distribution and Pricing Strategy: A Study Based on Nonparametric Kernel Density Estimation and Neural Network Modeling","2024","","","","","1773","1779","0","0","10.1109/EEBDA60612.2024.10485980","https://www.scopus.com/inward/record.uri?eid=2-s2.0-85191148591&doi=10.1109%2FEEBDA60612.2024.10485980&partnerID=40&md5=623c9badcca42c6570bb50326e612680","In this study, the distribution pattern of sales volume of each category and individual product of vegetables is analyzed by firstly using the non-parametric kernel density estimation method to obtain the kernel density estimation curves of the daily sales volume of each category and individual product of vegetables, and analyzing them in combination with statistical indicators. Secondly, based on the visualization of the monthly sales volume of each category of vegetables over time and the seasonal component plot, the sales trend is studied. Finally, Spearman rank correlation analysis is utilized to explore the correlation between the sales volume of each category and individual product of vegetables. Based on this, the total sales volume of each vegetable category is further analyzed in relation to cost plus pricing, and the sales volume is predicted by a time series model optimized by a neural network model to develop a pricing strategy for the coming week in order to maximize revenue. © 2024 Elsevier B.V., All rights reserved.","Neural network model; Non-parametric kernel density estimation method; Spearman rank correlation analysis; Time series","Correlation methods; Costs; Parameter estimation; Sales; Statistics; Time series analysis; Vegetables; Kernel Density Estimation; Kernel Density Estimation methods; Neural network model; Non-parametric kernel density estimation method; Nonparametrics; Pricing strategy; Sale volumes; Spearman's rank correlation analysis; Times series; Volume distributions; Neural network models","","English","Conference paper","Final","","Scopus","2-s2.0-85191148591"
"Arora, A.; Kaur, R.; Vats, P.; Gupta, M.; Chopra, G.; Mehmi, S.; Khanna, T.","Arora, Anudeep (58025322800); Kaur, Ranjeeta (57424137400); Vats, Prashant (56630562900); Gupta, Mamta (56765006700); Chopra, Gayatri (58140061200); Mehmi, Shikha (58939639400); Khanna, Trishali (58939857000)","58025322800; 57424137400; 56630562900; 56765006700; 58140061200; 58939639400; 58939857000","A Study on Optimizing the Personalization of Recommendations and Customer Services Using Artificially Intelligent Neural Networks to Improve Electronic Commerce","2024","Lecture Notes in Networks and Systems","812","","","1","9","0","1","10.1007/978-981-99-8031-4_1","https://www.scopus.com/inward/record.uri?eid=2-s2.0-85187781919&doi=10.1007%2F978-981-99-8031-4_1&partnerID=40&md5=19d4ada4f896cb60b0f6a0f7640722ac","Artificial intelligence (AI) has developed with e-commerce businesses as a critical breakthrough that enables businesses to optimize procedures, improve consumer relations, and expand operational capabilities. Artificial intelligence (AI) systems may assess consumer data to offer tailored ideas, respond to customer service requests, and enhance inventory control. Additionally, AI can detect fraud and enhance pricing strategies. With the increasing use of machine learning in e-commerce, businesses can genuinely compete and offer better customer encounters. This paper explores how AI is changing the e-commerce industry and presenting new opportunities for businesses to improve their operations and fuel growth. Artificial intelligence (AI) technology has developed into a key element of the e-commerce industry, allowing businesses to improve their processes and provide a more individualized client experience. © 2024 Elsevier B.V., All rights reserved.","AI-powered chatbots; Artificial intelligence; Artificial neural network (ANN); E-commerce; Feature selection; Machine learning","Electronic commerce; Inventory control; Machine learning; Sales; Artificial intelligence-powered chatbot; Artificial neural network; Chatbots; Customer-service; E- commerces; E-commerce business; Features selection; Machine-learning; Neural-networks; Personalizations; Neural networks","Nagar, A.K.; Jat, D.S.; Mishra, D.; Joshi, A.","English","Conference paper","Final","","Scopus","2-s2.0-85187781919"
"Konotopchyk, A.; Lavrenchuk, S.; Melnyk, P.; Melnyk, K.; Khrystynets, N.; Bortnyk, K.","Konotopchyk, Artem (60098645900); Lavrenchuk, Svitlana (57209243001); Melnyk, Pavlo (57219754926); Melnyk, Kateryna (56366911300); Khrystynets, N. A. (57216651665); Bortnyk, Kateryna (57208403801)","60098645900; 57209243001; 57219754926; 56366911300; 57216651665; 57208403801","System of dynamic optimization pricing by machine learning","2024","","","","","","","0","0","10.1109/DESSERT65323.2024.11122120","https://www.scopus.com/inward/record.uri?eid=2-s2.0-105016017143&doi=10.1109%2FDESSERT65323.2024.11122120&partnerID=40&md5=4db5008bd60e33082421ed50a11805fe","Based on real retail data collected over eight months, a number of models are developed to determine the most efficient machine learning algorithm for dynamic pricing. The goal of the study is to determine the best algorithm that provides the minimum error and maximum accuracy of price forecasting for different transaction volumes. The main tasks included comparing the performance of several models: KNeighbors Regressor, Random Forest Regressor, Decision Tree Regressor, Linear Regressor, and Support Vector Regressor. It was found that the KNeighbors Regressor model showed the best results with a small number of transactions (MSE 0.0091, R2 0.72), while ensemble methods (Random Forest, Decision Tree) are best suited for large amounts of data. Instead, linear methods had significant deviations. The conducted research confirms the importance of artificial intelligence algorithms in the dynamic pricing strategy, demonstrating their ability to quickly process large amounts of data and take into account numerous factors of market demand. © 2025 Elsevier B.V., All rights reserved.","Dynamic Pricing; K-Nearest Neighbors Regressor; Machine Learning; Random Forest Regressor","Costs; Decision trees; Economics; Machine learning; Nearest neighbor search; Random forests; Dynamic optimization; Dynamic pricing; K-near neighbor regressor; K-neighbors; Large amounts of data; Machine learning algorithms; Machine-learning; Nearest-neighbour; Random forest regressor; Learning systems","","English","Conference paper","Final","","Scopus","2-s2.0-105016017143"
"Tiwari, M.; Kumar, A.; Bharathi, B.","Tiwari, Mohit (24483852000); Kumar, Aryan (59983411900); Bharathi, B. Bala (22133761400)","24483852000; 59983411900; 22133761400","Price Recommendation For E-Commerce Using ML Techniques","2024","","","","","274","279","0","0","10.1109/ISML60050.2024.11007352","https://www.scopus.com/inward/record.uri?eid=2-s2.0-105010198286&doi=10.1109%2FISML60050.2024.11007352&partnerID=40&md5=e00edc542a7667aa4108fcd3b38c1d76","In online commerce, pricing decisions play a critical role in determining the success and profitability of businesses, Leveraging advanced machine learning algorithms and robust data analytics, the system analyzes diverse parameters including historical sales data, market trends, competitor pricing strategies, and customer behavior patterns. By integrating these multifaceted insights, the system generates dynamic and data- driven price recommendations. These recommendations empower online sellers to optimize pricing strategies, strike a balance between competitiveness and profitability, and cater to evolving market demands. The project aims to create an algorithm for automatic price suggestions in E-commerce, leveraging user-inputted text descriptions, product category details, brand information, and item conditions. The objective is to enhance the user experience by providing pricing guidance to both sellers and buyers on an online platform. Using a supervised learning approach, the project focuses on predicting optimal product prices, employing regression models evaluated using Root Mean Squared Error (RMSE). Additionally, considering the potential impact of user-related features like location, gender, and login information, the study explores their influence on pricing accuracy. By Preprocess multilingual text data, facilitating better language recognition and categorization for more accurate pricing suggestions. The project's outcomes aim to improve transactional efficiency within the E-commerce domain by providing users with informed pricing insights before making purchasing or selling decisions. © 2025 Elsevier B.V., All rights reserved.","Corpus; Document; Inverse DocumentFrequency (IDF); ML techniques; Term Frequency (TF); Tokens","Advanced Analytics; Competition; Costs; Electronic commerce; Inverse problems; Learning algorithms; Learning systems; Machine learning; Profitability; Sales; Text processing; User experience; Corpus; Document; Inverse documentfrequency; ML technique; Online commerce; Pricing decision; Pricing strategy; Term frequency; Token; Regression analysis","","English","Conference paper","Final","","Scopus","2-s2.0-105010198286"
"He, L.; Cao, L.; Liu, J.","He, Lulu (59964124300); Cao, Lixia (55543996600); Liu, Jiani (59964124400)","59964124300; 55543996600; 59964124400","Research on Data Pricing of Real Property Multi-Source System Based on Machine Learning and Particle Swarm Algorithm","2024","","","","","1447","1454","0","0","10.1109/ACAIT63902.2024.11022219","https://www.scopus.com/inward/record.uri?eid=2-s2.0-105009059165&doi=10.1109%2FACAIT63902.2024.11022219&partnerID=40&md5=f19f1b95dca5ae0c29101e188d5b7fc7","In the real estate sales system, the data has high dimensional uncertainty, and the known methods cannot solve the pricing problem existing in the real estate multi-source information sales system. In this paper, an improved particle swarm algorithm based on clustering and factor analysis is proposed to solve the pricing problem of uncertain complex system data. Based on clustering and factor analysis, three main dimensions affecting the data quality of multi-source information fusion system are determined. On this basis, the data comprehensive score function and utility function are constructed, and the platform profit function is built through the analysis of the data platform and data consumers, and the particle swarm optimization algorithm is used to track the profit maximization and get the data pricing of the final real estate sales. Through simulation and result verification, the results of this method are consistent with the current situation of real estate pricing, and have certain accuracy and scientificity. This research is not only of great significance to the real estate industry, but also provides new ideas and methods for data-driven pricing models. © 2025 Elsevier B.V., All rights reserved.","cluster analysis; data pricing; factor analysis; particle swarm algorithm","Clustering algorithms; Costs; Electronic trading; Learning algorithms; Learning systems; Multivariant analysis; Particle swarm optimization (PSO); Profitability; Sales; Swarm intelligence; Uncertainty analysis; Clustering analysis; Data pricing; Factors analysis; Machine-learning; Multi-source system; On-machines; Particle swarm algorithm; Pricing problems; Real properties; Real-estates; Cluster analysis; Factor analysis","","English","Conference paper","Final","","Scopus","2-s2.0-105009059165"
"Iskandar, P.; Juan Faria, E.; Andro Makalew, B.; Kartika Warooy, I.","Iskandar, Pradipa (59778452600); Juan Faria, Ernesto (59778860200); Andro Makalew, Brilly (57201983718); Kartika Warooy, Irma (59778860300)","59778452600; 59778860200; 57201983718; 59778860300","Optimizing Retail Pricing Through Random Forest Regression: A Machine Learning Approach for Dynamic Pricing","2024","","","","","637","642","0","0","10.1109/ICIMCIS63449.2024.10956465","https://www.scopus.com/inward/record.uri?eid=2-s2.0-105004411173&doi=10.1109%2FICIMCIS63449.2024.10956465&partnerID=40&md5=0be25383a5fdfef4acd1c0050be20043","Most retailers now are implementing machine learning to achieve more effective pricing strategies. The paper objective is to find a more optimized model that can be used to predict more accurately and effectively. Random Forest Regression model is chosen because it can handle large datasets and complex interactions which makes it suitable for the task. The result obtained from experimenting the model is interpreted using SHAP (SHapley Additive exPlanations) method which shows an excellent metrics score that indicates strong predictive capability with a R2 score of 0.965 and a Mean Absolute Error of 10.038. © 2025 Elsevier B.V., All rights reserved.","Dynamic Pricing; Machine Learning; Price Optimization; Retail Strategies","Linear regression; Dynamic pricing; Machine learning approaches; Machine-learning; Optimized models; Price optimisation; Pricing strategy; Random forests; Regression modelling; Retail pricing; Retail strategy; Sales","","English","Conference paper","Final","","Scopus","2-s2.0-105004411173"
"Venkatesh Kumar, M.; Arathy Suresh, G.; Sumathi, K.; Sthangamani; Mumamaheswari; Hema Bharathi, C.","Venkatesh Kumar, M. (57189757695); Arathy Suresh, G. (59744137700); Sumathi, K. (59714752200); Sthangamani (59744137800); Mumamaheswari (59743806000); Hema Bharathi, C. (59744460200)","57189757695; 59744137700; 59714752200; 59744137800; 59743806000; 59744460200","The Influence of Artificial Intelligence Using Decision Making System in E-Commerce","2024","","","","","","","0","0","10.1109/ICIETDW61607.2024.10941592","https://www.scopus.com/inward/record.uri?eid=2-s2.0-105002918337&doi=10.1109%2FICIETDW61607.2024.10941592&partnerID=40&md5=1d2345e8022477544b9be2048a1525e1","E-Commerce is one of the potential idea and network developments which influence the present business world. It spreads worldwide and reaches people rapidly due to its massive benefits and trading approach. Artificial Intelligence (AI) has become an integral part of the e-commerce industry, providing retailers with new and innovative ways to manage and grow their business. One of AI's key advantages is its capacity to offer tailored product recommendations based on user information including shopping patterns, search terms, and browsing habits. By using AI algorithms to analyze this data, retailers can offer customers relevant product recommendations that are more likely to result in a sale. Automating customer support is a further area where AI is useful. Chatbots that are driven by AI can offer all times, immediate service to customers, increasing their satisfaction and speeding up response times. Retailers may now streamline their customer care procedures and concentrate on other aspects of their businesses thanks to this. By forecasting demand, identifying popular products, and ensuring that the relevant products are in stock at the appropriate moment, AI can assist merchants in streamlining their inventory management procedures. Retailers can lower the risk of overstocking or understocking products, which can result in missed sales and lower profitability, by using AI to manage inventory. Furthermore, AI can be used for fraud detection by analyzing customer behavior, purchase history, and other data points. This helps retailers to prevent fraudulent transactions and reduce chargebacks, which can result in significant financial losses. Finally, by examining competition prices, demand, and other factors, AI can assist businesses in optimizing their pricing strategy. By setting the right price, retailers can maximize profits and increase sales. The Main objective of this work is, using advanced technologies to analyze the Ecommerce data and prediction of sales accurately. Different ML and DL algorithms using this work for E-Commerce analysis and Prediction. © 2025 Elsevier B.V., All rights reserved.","Algorithms; Artificial Intelligence; E-Commerce; KNN; Naive Bayes; Neural Network; XGBoost","Costs; Customer satisfaction; Decision making; Inventory control; Profitability; Sales; Decision-making systems; E- commerces; Integral part; KNN; Naive bayes; Network's Development; Neural-networks; Product recommendation; User information; Xgboost; Marketplaces","","English","Conference paper","Final","","Scopus","2-s2.0-105002918337"
"Kumari, P.; Kumar, A.; Burman, R.K.; Kumar, B.; Alam, S.; Kamaldeep, K.","Kumari, Puja (59715509800); Kumar, Abhishek (56152297700); Burman, Ravi Kumar (59256460300); Kumar, Biresh (57684512200); Alam, Shoaib (59715316400); Kamaldeep, Kamaldeep (59566071100)","59715509800; 56152297700; 59256460300; 57684512200; 59715316400; 59566071100","Dynamic Pricing Strategies of Product for Minimizing Booking Cancellation: Using Machine Learning Algorithm","2024","","","","","460","465","0","0","10.1109/WIECON-ECE64149.2024.10914790","https://www.scopus.com/inward/record.uri?eid=2-s2.0-105001355340&doi=10.1109%2FWIECON-ECE64149.2024.10914790&partnerID=40&md5=e973405fd53eb691e4af88ac0255ed94","As already stated in the evaluation of challenges faced within the retail business and especially within winter wear brand, booking cancellations present certain challenges in the competitive environment proffered within the retail business. The goal of this study is to propose the dynamic pricing model with machine learning algorithms to minimize the rate of cancellation of bookings. This model makes the modification of prices based on concerns such as historical booking pattern, customers' preferences and demands, seasonal trends, and competitor's prices. Decision Trees and Random Forest Regression machine learning models are used in an attempt to estimate the probability of cancellation occurrences and consequently the right prices are set to improve on bookings cancellation rate and revenue. Thus, the operational efficiency of the model is examined in terms of numerous trials and practical implementations and discussed certain impacts that the proposed model might have on financial performance of service providers. The revelations would therefore help force contend with dynamic price changes particularly through the use of predictive models to compel productivity enhancements and the resultant improvement in customer satisfaction within the context of a highly competitive retail industry. © 2025 Elsevier B.V., All rights reserved.","Booking Cancellations; Decision Trees; Dynamic Pricing; Machine Learning; Random Forest Regression","Competition; Contrastive Learning; Costs; Customer satisfaction; Decision trees; Random forests; Sales; Booking cancelation; Competitive environment; Dynamic pricing; Dynamic pricing models; Machine learning algorithms; Machine-learning; Pricing strategy; Random forest regression; Retail business; Forestry","","English","Conference paper","Final","","Scopus","2-s2.0-105001355340"
"Hao, L.; Chai, C.; Lv, Y.; Hao, L.","Hao, Liweilong (59702686900); Chai, Chengyou (59702877100); Lv, Yun (59703067100); Hao, Liweifeng (59702687000)","59702686900; 59702877100; 59703067100; 59702687000","Research on Cost Pricing Strategy Based on Random Forest Algorithm and Exponential Smoothing Model","2024","","","","","493","497","0","0","10.1109/ICEACE63551.2024.10898720","https://www.scopus.com/inward/record.uri?eid=2-s2.0-105000632043&doi=10.1109%2FICEACE63551.2024.10898720&partnerID=40&md5=59a44bd4810fa31a7e1beba392d4d4b9","This paper focuses on the application of machine learning and statistical analysis methods to item purchasing and pricing strategies, aiming to explore the relationship between total sales volume and markup pricing, and to propose effective purchasing and pricing models. Firstly, through the preprocessing and descriptive statistical analysis of vegetable sales data, the sales patterns of various types of vegetables are clarified. Then, the vegetable replenishment volume and price in the coming week were predicted using multiple linear regression model and exponential smoothing model to ensure the real-time and accuracy of the strategy. To further enhance the model's prediction performance, this paper introduces the random forest algorithm, which is able to capture the complex nonlinear relationships in vegetable sales volume and pricing strategies by constructing multiple decision trees and integrating the predictions. The random forest model not only enhances the prediction ability for seasonal variations and multidimensional feature data, but also reveals the key influence of each factor on sales through feature importance analysis. Ultimately, this study comprehensively analyzes the advantages and disadvantages of different models and proposes corresponding improvement suggestions, providing a scientific basis for the operation and management of fresh produce supermarkets. © 2025 Elsevier B.V., All rights reserved.","exponential smoothing models; multiple linear regression; Pearson's correlation coefficient; random forests","Prediction models; Random forests; Exponential smoothing model; Machine-learning; Mark-up pricing; Multiple linear regressions; Pearson correlation coefficients; Pricing strategy; Random forest algorithm; Sale volumes; Statistical analysis methods; Multiple linear regression","","English","Conference paper","Final","","Scopus","2-s2.0-105000632043"
"Nishamali, M.K.C.P.; Pathirage, G.S.; Herath, S.; Herath, P.; Wickremaratne, J.","Nishamali, M. K.C.P. (59561124800); Pathirage, Gihan Saminda (59586664300); Herath, Samitha (57193429103); Herath, Penusha (59696140400); Wickremaratne, Jagath (35147255200)","59561124800; 59586664300; 57193429103; 59696140400; 35147255200","A Systematic Study of Machine Learning Applications in E-Commerce UX Personalization","2024","","","","","","","0","0","10.1109/ICMNWC63764.2024.10872138","https://www.scopus.com/inward/record.uri?eid=2-s2.0-105000168401&doi=10.1109%2FICMNWC63764.2024.10872138&partnerID=40&md5=3c07bd4152827c004a2c15ba225fff24","This study provides a systematic analysis of the role of machine learning in personalizing e-commerce user experiences (UX). Through a review of selected recent literature, the study explores various machine learning techniques applied to e-commerce, including supervised learning, unsupervised learning, deep learning, and ensemble methods. The research discusses these approaches' effectiveness in enhancing UX through personalized recommendations, search results, dynamic pricing models, and virtual try -on experiences. The analysis examines four main areas: recommendation systems for improved product discovery and user engagement, dynamic pricing optimization for maximizing revenue and customer satisfaction, virtual try-on technologies for enhancing fashion retail experiences, and personalized search. The study investigates how these technologies contribute to creating engaging and efficient shopping experiences while examining implementation challenges such as data privacy and algorithmic bias. Additionally, the research discusses emerging trends, technological advancements, and future research directions to further advance personalization in e-commerce. Overall, this research contributes to the understanding of machine learning in e-commerce personalization for both researchers and practitioners. © 2025 Elsevier B.V., All rights reserved.","e-commerce ux personalization; machine learning in e-commerce; personalized recommendations; personalized search; virtual try -on technologies","Contrastive Learning; Customer satisfaction; Federated learning; Marketplaces; Self-supervised learning; E- commerces; E-commerce ux personalization; Machine learning in e-commerce; Machine-learning; Personalizations; Personalized recommendation; Personalized search; Virtual try -on technology; Virtual try-on; Adversarial machine learning","","English","Conference paper","Final","","Scopus","2-s2.0-105000168401"
"Kopalle, P.K.; Pauwels, K.; Akella, L.Y.; Gangwar, M.","Kopalle, Praveen K. (6602301208); Pauwels, Koen H. (6602854654); Akella, Laxminarayana Yashaswy (57221272113); Gangwar, Manish (9132890000)","6602301208; 6602854654; 57221272113; 9132890000","Dynamic pricing: Definition, implications for managers, and future research directions","2023","Journal of Retailing","99","4","","580","593","0","37","10.1016/j.jretai.2023.11.003","https://www.scopus.com/inward/record.uri?eid=2-s2.0-85178021508&doi=10.1016%2Fj.jretai.2023.11.003&partnerID=40&md5=335c76c67679d9a8f585e2b13034c0f4","Dynamic pricing has evolved with technology from earlier price negotiations. To maximize revenue and provide specialized shopping experiences, businesses today use algorithms and data analysis to adapt prices. We define dynamic pricing as price changes that are prompted by changes or differences in four key underlying market demand drivers: (1) People (i.e., individual consumers or consumer segments), (2) Product configurations, (3) Periods (i.e., time), and (4) Places (i.e., locations). The transition from static pricing (uniform prices) to dynamic pricing (changing prices) is evident from different examples, such as online retailers personalizing offers based on customer behavior, and algorithms using facial recognition for personalized pricing in physical stores. Fueled by AI and machine learning algorithms, dynamic pricing is transforming industries from transportation to e-commerce, optimizing revenue and enhancing customer experiences. While it offers benefits like personalization, challenges include ethical concerns, cost of implementation, and customer dissatisfaction. Effective data organization and AI expertise are crucial, but potential pitfalls and regulatory oversight must also be considered. This paper examines the multidimensional application of dynamic pricing, highlights the adaptability and efficiency of dynamic pricing in forming profitable pricing strategies and maximizing revenue, and calls for continued research on the topic to balance revenue, customer satisfaction, and ethics. © 2023 Elsevier B.V., All rights reserved.","AI and pricing; Dynamic pricing; Futuristic view; Retailing","","","English","Article","Final","","Scopus","2-s2.0-85178021508"
"Yang, J.; Yang, X.; Xu, M.","Yang, Junfei (59033512400); Yang, Xinyu (59202234900); Xu, Mingwei (59202235000)","59033512400; 59202234900; 59202235000","Automatic Pricing and Replenishment Decision-making for Vegetable Commodities Based on TOPSIS Method and ARIMA Model","2023","","","","","159","164","0","0","10.1145/3653724.3653752","https://www.scopus.com/inward/record.uri?eid=2-s2.0-85197386110&doi=10.1145%2F3653724.3653752&partnerID=40&md5=04340ad6ea7d447d07139ef13259c856","In recent years, with the growth of China's economy and the significant improvement of people's living and dietary conditions, the demand for fresh produce from consumers has been increasing. However, investigations have found that the replenishment and pricing plans of most supermarket vegetable products are either formulated solely based on past sales experience with low accuracy, or require the establishment of complex neural network models for prediction, which are not suitable for small-scale supermarkets.This article aims at the problem of automatic pricing and replenishment of vegetable commodities. Taking the vegetable categories sold in a supermarket as an example, based on the flow information, wholesale prices and loss rates of vegetable commodities in recent years, the market demand and vegetable categories and orders are analyzed. Based on the regularities of distribution and interrelationships of product sales, on the premise of trying to meet the market demand for various types of vegetable commodities, an optimization model is established with the goal of maximizing the supermarket's revenue to obtain the supermarket's replenishment and pricing strategies, and promote to the formulation of sales strategies for other perishable goods. © 2024 Elsevier B.V., All rights reserved.","ARIMA model; Correlation coefficient; Cost-plus pricing; TOPSIS method","Behavioral research; Decision making; Retail stores; Sales; Vegetables; ARIMA models; Correlation coefficient; Cost-plus pricing; Decisions makings; Dietary conditions; Fresh produce; Living conditions; Market demand; Method model; TOPSIS method; Costs","","English","Conference paper","Final","","Scopus","2-s2.0-85197386110"
"Huang, Y.; Wu, L.; Wang, H.; Li, Z.","Huang, Yuzhe (58893975000); Wu, Linrui (59123004900); Wang, Hao (59123859000); Li, Zhiyi (59122574900)","58893975000; 59123004900; 59123859000; 59122574900","Commodity intelligent pricing and replenishment decision based on dynamic programming model based on sliding window and XGBoost regression algorithm","2023","","","","","109","114","0","0","10.1145/3653081.3653100","https://www.scopus.com/inward/record.uri?eid=2-s2.0-85192814282&doi=10.1145%2F3653081.3653100&partnerID=40&md5=ce45d45a8916319feffa57b938c9a8fb","Smart pricing and replenishment decisions for goods are very important decisions for retailers and manufacturers in their operations. These decisions have a direct impact on the profitability and market competitiveness of the enterprise. Intelligent commodity pricing refers to the process of automatically adjusting commodity prices according to market demand and competition, using intelligent algorithms and data analysis technology. This pricing method can help businesses better understand the market, grasp customer needs, and increase sales and profit margins. With intelligent commodity pricing, businesses can quickly respond to market changes, optimize pricing strategies, and increase sales volume and profitability. First of all, this paper has fully preprocessed the data, and after the data processing, we have made detailed statistics on the total sales of the six major vegetable categories, summarized the sales data by week and month, and counted the sales of each single product and category respectively. Secondly, the data were visually analyzed, including JB normal distribution test, and the correlation analysis of the top 10 selling items was carried out, and the correlation of sales of vegetable categories was also studied in depth. From these analyses, we came to the conclusion of the correlation between the various categories of vegetables. A variety of machine learning models are used to construct the relationship between the wholesale price, sales unit price and sales volume of each category of vegetables, and the optimal regression model is selected through the evaluation index. Then, the sales price of each category is greater than the wholesale price as the constraint to construct a dynamic programming model. Finally, in order to obtain the global optimal solution, this paper intends to use the particle swarm optimization algorithm to obtain the maximum revenue of the supermarket in the next seven days of 50571.263 yuan. © 2024 Elsevier B.V., All rights reserved.","Dynamic programming model; Sliding window; XGBoost","Commerce; Competition; Costs; Data handling; Data visualization; Dynamic programming; Normal distribution; Particle swarm optimization (PSO); Profitability; Regression analysis; Vegetables; Commodity pricing; Decision-based; Dynamic programming model; Intelligent commodities; Model-based OPC; ON dynamics; Sale volumes; Sliding Window; Whole sale prices; Xgboost; Sales","","English","Conference paper","Final","","Scopus","2-s2.0-85192814282"
"Chen, Y.; Kai, J.; Xiong, S.; Fan, B.","Chen, Yijia (59151111900); Kai, Jiang (59152246700); Xiong, Shiyi (59151428800); Fan, Bowei (59152246800)","59151111900; 59152246700; 59151428800; 59152246800","Optimization Model for Vegetable Pricing in the Chinese Market Based on Gaussian Process Regression and Simulated Annealing Algorithm","2023","","","","","182","186","0","1","10.1145/3652628.3652659","https://www.scopus.com/inward/record.uri?eid=2-s2.0-85194832404&doi=10.1145%2F3652628.3652659&partnerID=40&md5=69a6caf286b029184ffbbd9e38e92972","This paper focuses on the category of fresh vegetables and analyzes sales data in the Chinese market over the past three years to examine the relationship between the volume of sales and the price of these perishable goods. This article uses the Gaussian process regression model to fit the relationship between sales and the price, and accounting for transportation and storage losses, as well as the impact of discount sales, a refined total profit model for the category is presented. Finally, the profit model is optimized using simulated annealing to provide actionable recommendations for daily replenishment levels and pricing strategies. © 2024 Elsevier B.V., All rights reserved.","Gaussian process regression; machine learning; pricing model; simulated annealing algorithm","Commerce; Costs; Digital storage; Fruits; Gaussian distribution; Gaussian noise (electronic); Machine learning; Profitability; Regression analysis; Sales; Vegetables; Annealing algorithm; Chinese markets; Fresh vegetables; Gaussian process regression; Machine-learning; Optimization models; Pricing models; Profit model; Simulated annealing algorithm; Volume of sales; Simulated annealing","","English","Conference paper","Final","","Scopus","2-s2.0-85194832404"
"Long, L.N.B.; Kim, H.-S.; Cuong, T.N.; You, S.-S.","Long, Le Ngoc Bao (57914523600); Kim, Hwanseong (7410137641); Cuong, Truong Ngoc (57221303439); You, Samsang (7201516892)","57914523600; 7410137641; 57221303439; 7201516892","Intelligent decision support system for optimizing inventory management under stochastic events","2023","Applied Intelligence","53","20","","23675","23697","0","5","10.1007/s10489-023-04801-3","https://www.scopus.com/inward/record.uri?eid=2-s2.0-85164666830&doi=10.1007%2Fs10489-023-04801-3&partnerID=40&md5=a09c54bab0f5262ddb3745646181cc66","This study examines an optimal pricing policy for managing deteriorating products in a stochastic inventory system. Customer arrival is formulated as a Poisson process with a fixed rate, and customer demand is probabilistically expressed based on the valuation of the product. Typically, customer interest in items decreases over time because of the declining quality of deteriorating products. A dynamic pricing policy is needed to increase retailer profitability under stochastic scenarios. This paper combines the Hamilton–Jacobi–Bellman (HJB) equation with the Particle Swarm Optimization (PSO) approach to realize an optimal solution for the dynamic pricing strategy with specific boundaries using an analytical approach. Furthermore, an artificial intelligence-based High-Order Neural Network (HONN) model is implemented as an intelligent strategy to approximate the complex dynamic behaviors of the stochastic inventory system. The present study aims to fill the research gap by comparing the analytical solution obtained from the hybrid optimization using HJB–PSO and the intelligent strategy obtained from the HONN model. The proposed approaches bring greater accuracy and efficiency to inventory management tools. The performance difference between the proposed algorithms indicates that the error does not exceed the desired limit (≤ 1%), indicating that the analytical and numerical solutions found can be used interchangeably in practice. Furthermore, all validation tests ensure that the proposed decision support system can aid policymakers in managing stochastic inventory systems with minimal effort and adopting strategies to ensure resilience and customer satisfaction. © 2023 Elsevier B.V., All rights reserved.","Decision support system; Hamilton–Jacobi–Bellman (HJB) equation; High-order neural network (HONN); Particle swarm optimization (PSO); Stochastic inventory model","Costs; Customer satisfaction; Decision making; Deterioration; Inventory control; Neural network models; Particle swarm optimization (PSO); Sales; Stochastic models; Stochastic systems; Deteriorating products; Hamilton Jacobi Bellman equation; High-order neural network; Higher order neural network; Neural network model; Particle swarm; Particle swarm optimization; Stochastic inventory model; Stochastic inventory systems; Swarm optimization; Decision support systems","","English","Article","Final","","Scopus","2-s2.0-85164666830"
"Antipov, E.A.; Pokryshevskaya, E.B.","Antipov, Evgeny A. (57205771990); Pokryshevskaya, Elena B. (57216425890)","57205771990; 57216425890","Data-driven attribute selection for hardware technology products: A multi-criteria framework","2023","Applied Marketing Analytics","9","2","","173","181","0","0","","https://www.scopus.com/inward/record.uri?eid=2-s2.0-85170087235&partnerID=40&md5=edce97218344c37b911254282a7a017b","This paper outlines a multiple-criteria approach for supporting manufacturers in making decisions about tech products ’ technical, aesthetic and price characteristics. The authors propose a predictive modelling approach that shortlists efficient product designs based on their expected profit margin, consumer rating and demand. The method involves collecting SKU (stock keeping unit)-level data on product features from an online marketplace and estimating regression models. These models include a hedonic pricing model, a demand model and a satisfaction model to identify the factors that drive sales, prices and satisfaction. Analysing the model coefficients and their significance allows for identifying cost-efficient product features that positively impact sales and satisfaction. The models also enable predicting the outcomes for various new specifications making it possible to shortlist Pareto-efficient product designs. The approach uses publicly available data and allows for frequent updates, although it has some limitations, such as omitted variable bias and the use of a demand proxy. The authors suggest ways to extend the framework to account for uncertainty in predictions and include more outcomes of interest. © 2023 Elsevier B.V., All rights reserved.","consumer preferences; demand estimation; hedonic pricing; machine learning; multi-criteria comparison; Pareto efficiency; product design; regression analysis; satisfaction","","","English","Article","Final","","Scopus","2-s2.0-85170087235"
"Bin, Z.; Zhang, Z.; Wei, C.; Bin, L.; Zhang, Z.; Yilong, G.","Bin, Zhao (58411009300); Zhang, Jiqun (57139479700); Wei, Cao (58411009400); Bin, Li (58415593600); Zhang, Wenyin (8432944600); Yilong, Gao (58413295500)","58411009300; 57139479700; 58411009400; 58415593600; 8432944600; 58413295500","A dynamic evaluation model of data price based on game theory","2023","Peer-to-Peer Networking and Applications","16","5","","2073","2088","0","9","10.1007/s12083-023-01520-x","https://www.scopus.com/inward/record.uri?eid=2-s2.0-85163770050&doi=10.1007%2Fs12083-023-01520-x&partnerID=40&md5=e0714396fbf62ad58fda8a3e8600b7de","With the development of big data and artificial intelligence, the value of data has become increasingly prominent. In traditional data trading platforms, pricing is completely controlled by the platform, data owners Then not understand the potential value of data, and online buyers and sellers lack credit, making it difficult to evaluate data prices in data transactions. This paper proposes a dynamic evaluation model of data price based on credit game, which consists of two parts: credit game model and data product pricing strategy. This paper respectively proves the existence of mixed-strategy Bayesian equilibrium and mixed-strategy perfect Bayesian equilibrium in the basic game process and repeated game process of price dynamic game. Compared with traditional trading platforms, this model initializes the pricing mechanism to prevent the deviation of data value, and introduces credit game for evaluation. Finally, through the simulation experiment to simulate the transaction between buyers and sellers, it is concluded that the credit function plays an important role in the data transaction, this model can complete the data price evaluation, the price difference percentage can be controlled around 10%, and the transaction success rate reaches 96%. © 2023 Elsevier B.V., All rights reserved.","Bayesian equilibrium; Credit game; Data transaction; Dynamic evaluation; Pricing strategy","Commerce; Costs; Sales; Bayesian equilibrium; Buyers and sellers; Credit game; Data transaction; Dynamic evaluation; Evaluation models; Mixed strategy; Price-based; Pricing strategy; Trading platform; Game theory","","English","Article","Final","","Scopus","2-s2.0-85163770050"
"Shi, Y.; Liu, W.; Yanjie, Y.","Shi, Yong (57192543770); Liu, Wenheng (57212471518); Yanjie, Zhou (56523153100)","57192543770; 57212471518; 56523153100","An adaptive large neighborhood search based approach for the vehicle routing problem with zone-based pricing","2023","Engineering Applications of Artificial Intelligence","124","","106506","","","0","15","10.1016/j.engappai.2023.106506","https://www.scopus.com/inward/record.uri?eid=2-s2.0-85161268799&doi=10.1016%2Fj.engappai.2023.106506&partnerID=40&md5=5ac45b546bdc80e172c06633d39ff0b0","In the classical vehicle routing problems, the objective function is usually to minimize the transportation cost without considering the pricing decision-making. However, in some practical applications, such as riding-share services and fast-food delivery services, logistics companies aim to maximize profits, involving decision-making issues closely related to the pricing and route planning. This paper designs an adaptive large neighborhood search (ALNS) based approach to solve a vehicle routing problem with zone-based pricing (VRPZ). In the studied problem, the customers in the same zone share the same price for transportation, and each customer could accept or reject the price given by the logistics company. On the one hand, a too-high pricing strategy may reduce the number of served customers; on the other hand, a too-low pricing strategy may result in low earnings for logistics companies. VRPZ optimizes the routing planning and seeks an appropriate pricing strategy to maximize the total profit, which is the difference value of total earnings and costs. Considering that the studied problem is a computational challenge, we have developed an algorithm incorporating the local search into ALNS, particularly nested with two varying pricing operators: price++ and price−−, to solve the problem. The proposed algorithm has been compared with pure ALNS, variable neighborhood search (VNS) and Simulated Annealing (SA) by solving 472 benchmark instances in the published work. The compared results, which are validated by the statistic tests, highlight the efficiency and effectiveness of the proposed algorithm. To our best knowledge, this is the first heuristic to achieve a good performance in solving the benchmark instances. This study is significant for the retail industry to find a reasonable logistics pricing strategy and improve operational efficiency, as well as lays a foundation for developing a decision support system. © 2023 Elsevier B.V., All rights reserved.","Adaptive large neighborhood search; Local search; Vehicle routing problem; Zone-based pricing","Artificial intelligence; Benchmarking; Decision making; Decision support systems; Efficiency; Local search (optimization); Profitability; Sales; Simulated annealing; Vehicle routing; Vehicles; Adaptive large neighborhood searches; Decisions makings; Local search; Logistics company; Objective functions; Pricing strategy; Search-based; Vehicle Routing Problems; Zone-based; Zone-based pricing; Costs","","English","Article","Final","","Scopus","2-s2.0-85161268799"
"Naik, D.M.; Dokku, S.R.; Nagamalleswara, V.; Srinivas, K.; Challa, V.N.S.K.; Narayana, M.S.; Venuthurumilli, M.","Naik, Dhadurya M. (58622487000); Dokku, Srinivasa Rao (57210840543); Nagamalleswara, Veerla (58623065800); Srinivas, Koniki (58622602400); Challa, Venkata Naga Siva Kumar (58295343200); Narayana, M. Srinivasa (57190029128); Venuthurumilli, Munni (58264807200)","58622487000; 57210840543; 58623065800; 58622602400; 58295343200; 57190029128; 58264807200","IMPACT OF ARTIFICIAL INTELLIGENCE ON THE INDIAN RETAIL INDUSTRY","2023","Journal of Theoretical and Applied Information Technology","101","15","","6014","6023","0","0","","https://www.scopus.com/inward/record.uri?eid=2-s2.0-85172690934&partnerID=40&md5=48bed2ef906bd26e7f6a76879362e0d1","Many of the previously laborious and labor-intensive duties connected with running a successful business are being automated by AI, which is fast revolutionising the retail industry. AI applications for retail outlets could assist firms in pricing their products by visualising the possible effects of various pricing strategies. To do so, systems gather information about other items, promotional efforts, sales numbers, and other data. The objective of the study is to know the impact of AI in Reteail industry. At Vijayawada, Andhra Pradesh, India, 145 samples from various retail businesses were taken into consideration for the study. Both primary and secondary data are used in the investigation. The study was evaluated using factor analysis. The majority of respondents are aware of the use of AI in India's retail sector, according to data studies. It has also been noted that the majority of retail establishments are using AI in their Business models. Particularly AI is useful in order processing, shipping, and inventory management in the retail industry in India.it is also identified that, most of retail owners are aware of impact of AI on their business and also they are implementing the AI techniques in their business models to meet the changing requirements of the industry. © 2023 Elsevier B.V., All rights reserved.","Artificial Intelligence; Automation; Business; Machine Learning; Retail","","","English","Article","Final","","Scopus","2-s2.0-85172690934"
"Liang, Y.; Hu, Y.; Luo, D.; Zhu, Q.; Chen, Q.; Wang, C.","Liang, Yilin (58492717900); Hu, Yuping (58492476100); Luo, Dongjun (58599967800); Zhu, Qi (58491261400); Chen, Qingxuan (58491261500); Wang, Chunmei (57192811788)","58492717900; 58492476100; 58599967800; 58491261400; 58491261500; 57192811788","Distributed Dynamic Pricing Strategy Based on Deep Reinforcement Learning Approach in a Presale Mechanism","2023","Sustainability (Switzerland)","15","13","10480","","","0","8","10.3390/su151310480","https://www.scopus.com/inward/record.uri?eid=2-s2.0-85165023646&doi=10.3390%2Fsu151310480&partnerID=40&md5=fe8599e9328a2fe2512c85da36549663","Despite the emergence of a presale mechanism that reduces manufacturing and ordering risks for retailers, optimizing the real-time pricing strategy in this mechanism and unknown demand environment remains an unsolved issue. Consequently, we propose an automatic real-time pricing system for e-retailers under the inventory backlog impact in the presale mode, using deep reinforcement learning technology based on the Dueling DQN algorithm. This system models the multicycle pricing problem with a finite sales horizon as a Markov decision process (MDP) to cope with the uncertain environment. We train and evaluate the proposed environment and agent in a simulation environment and compare it with two tabular reinforcement learning algorithms (Q-learning and SARSA). The computational results demonstrate that our proposed real-time pricing learning framework for joint inventory impact can effectively maximize retailers’ profits and has universal applicability to a wide range of presale models. Furthermore, according to a series of experiments, we find that retailers should not neglect the impact of the presale or previous prices on consumers’ purchase behavior. If consumers pay more attention to past prices, the retailer must decrease the current price. When the cost of inventory backlog increases, they need to offer deeper discounts in the early selling period. Additionally, introducing blockchain technology can improve the transparency of commodity traceability information, thus increasing consumer demand for purchase. © 2023 Elsevier B.V., All rights reserved.","blockchain; deep reinforcement learning; dynamic pricing; presale; revenue management","algorithm; commodity; cost analysis; environmental technology; machine learning; manufacturing; pricing policy; reinforcement; simulation; strategic approach","","English","Article","Final","All Open Access; Gold Open Access; Green Final Open Access; Green Open Access","Scopus","2-s2.0-85165023646"
"Mussi, M.; Genalti, G.; Nuara, A.; Trovò, F.; Restelli, M.; Gatti, N.","Mussi, Marco (57407218600); Genalti, Gianmarco (57394395500); Nuara, Alessandro (57192153645); Trovò, Francesco (55295873600); Restelli, Marcello (6603404086); Gatti, Nicola (6602167825)","57407218600; 57394395500; 57192153645; 55295873600; 6603404086; 6602167825","Dynamic Pricing with Volume Discounts in Online Settings","2023","","37","","","15560","15568","0","2","10.1609/aaai.v37i13.26845","https://www.scopus.com/inward/record.uri?eid=2-s2.0-85168240212&doi=10.1609%2Faaai.v37i13.26845&partnerID=40&md5=8d0fd2b23ac91070e81427e99a99f9ea","According to the main international reports, more pervasive industrial and business-process automation, thanks to machine learning and advanced analytic tools, will unlock more than 14 trillion USD worldwide annually by 2030. In the specific case of pricing problems-which constitute the class of problems we investigate in this paper-, the estimated unlocked value will be about 0.5 trillion USD per year. In particular, this paper focuses on pricing in e-commerce when the objective function is profit maximization and only transaction data are available. This setting is one of the most common in real-world applications. Our work aims to find a pricing strategy that allows defining optimal prices at different volume thresholds to serve different classes of users. Furthermore, we face the major challenge, common in real-world settings, of dealing with limited data available. We design a two-phase online learning algorithm, namely PVD-B, capable of exploiting the data incrementally in an online fashion. The algorithm first estimates the demand curve and retrieves the optimal average price, and subsequently it offers discounts to differentiate the prices for each volume threshold. We ran a real-world 4-month-long A/B testing experiment in collaboration with an Italian e-commerce company, in which our algorithm PVD-B-corresponding to A configuration-has been compared with human pricing specialists-corresponding to B configuration. At the end of the experiment, our algorithm produced a total turnover of about 300 KEuros, outperforming the B configuration performance by about 55%. The Italian company we collaborated with decided to adopt our algorithm for more than 1,200 products since January 2022. © 2025 Elsevier B.V., All rights reserved.","","Artificial intelligence; Costs; Electronic commerce; Analytic tools; Business process automation; Dynamic pricing; E- commerces; Industrial processs; Machine-learning; Objective functions; On-line setting; Pricing problems; Real-world; Learning algorithms","Williams, B.; Chen, Y.; Neville, J.","English","Conference paper","Final","All Open Access; Gold Open Access","Scopus","2-s2.0-85168240212"
"Wang, R.; Nan, G.; Kou, G.; Minqiang, M.","Wang, Ronghui (57209982848); Nan, Guofang (7003455409); Kou, Gang (57068290300); Minqiang, Li (55663571100)","57209982848; 7003455409; 57068290300; 55663571100","Separation or integration: The game between retailers with online and offline channels","2023","European Journal of Operational Research","307","3","","1348","1359","0","20","10.1016/j.ejor.2022.09.037","https://www.scopus.com/inward/record.uri?eid=2-s2.0-85140260252&doi=10.1016%2Fj.ejor.2022.09.037&partnerID=40&md5=653b9d73b760d469d6c6c00b923af93a","A growing number of retailers, especially those with both online and offline channels, have developed “buy online and pick up in store” (BOPS) channels that offer a seamless shopping experience as a means to compete for consumers. Nevertheless, few studies have examined the impact of shipping fees borne by consumers in online channels on the adoption of BOPS channels by competing retailers. This paper builds a game-theoretic model to analyze the price and channel strategies of two retailers, considering the difference in shipping fees between their online channels. Each retailer chooses between operating online and offline channels separately or integrating the two channels to develop a BOPS channel. We first explore the optimal prices and find that if one retailer has a significant advantage in shipping fee, this retailer sets a lower price when both retailers choose the integration strategy than when both choose the separation strategy. Moreover, we identify the conditions corresponding to different equilibriums. Specifically, when the shipping fees in online channels are low enough, retailers tend to adopt the separation strategy. Nevertheless, the prisoner's dilemma may appear when retailers adopt the integration strategy without considering the similarity in the shipping fees of their online channels. Interestingly, when the unit cost of operating a BOPS channel is high enough, as the unit cost of operating a BOPS channel increases, so does the profit of the sole retailer adopting an integration strategy. Our results provide competing retailers with managerial insights on when implementing BOPS channels is beneficial to them. © 2023 Elsevier B.V., All rights reserved.","Buy online and pick up in store; Decision support systems; Game theory; Omnichannel retailing; Pricing strategies","Artificial intelligence; Costs; Decision support systems; Decision theory; Integration; Online systems; Pickups; Sales; Separation; Ships; Buy online and pick up in store; Channel strategies; Game-theoretic model; Integration strategy; Offline channel; Omnichannel retailing; Online channels; Price strategies; Pricing strategy; Unit cost; Game theory","","English","Article","Final","All Open Access; Hybrid Gold Open Access","Scopus","2-s2.0-85140260252"
"Zhou, R.; Zhang, X.; Lui, J.C.S.; Li, Z.","Zhou, Ruiting (54682522700); Zhang, Xueying (57218711356); Lui, John Chi Shing (7007064465); Li, Zongpeng (55666266700)","54682522700; 57218711356; 7007064465; 55666266700","Dynamic Pricing and Placing for Distributed Machine Learning Jobs: An Online Learning Approach","2023","IEEE Journal on Selected Areas in Communications","41","4","","1135","1150","0","6","10.1109/JSAC.2023.3242707","https://www.scopus.com/inward/record.uri?eid=2-s2.0-85149396341&doi=10.1109%2FJSAC.2023.3242707&partnerID=40&md5=da422bd13c0f32077750e89640ad98e2","Nowadays distributed machine learning (ML) jobs usually adopt a parameter server (PS) framework to train models over large-scale datasets. Such ML job deploys hundreds of concurrent workers, and model parameter updates are exchanged frequently between workers and PSs. Current practice is that workers and PSs may be placed on different physical servers, bringing uncertainty in jobs' runtime. Existing cloud pricing policy often charges a fixed price according to the job's runtime. Although this pricing strategy is simple to implement, such pricing mechanism is not suitable for distributed ML jobs whose runtime is stochastic and can only be estimated according to its placement after job admission. To supplement existing cloud pricing schemes, we design a dynamic pricing and placement algorithm, DPS, for distributed ML jobs. DPS aims to maximize the cloud service provider's profit, which dynamically calculates unit resource price upon a job's arrival, and determines job's placement to minimize its runtime if offered price is accepted to users. Our design exploits the multi-armed bandit (MAB) technique to learn unknown information based on past sales. DPS balances the exploration and exploitation stage, and selects the best price based on the reward which is related to job runtime. Our learning-based algorithm can increase the provider's profit by 200%, and achieves a sub-linear regret with both the time horizon and the total job number, compared to benchmark pricing schemes. Extensive evaluations using real-world data also validates the efficacy of DPS. © 2023 Elsevier B.V., All rights reserved.","dynamic pricing; Machine learning; online placement","Costs; Dynamics; E-learning; Job shop scheduling; Large dataset; Learning algorithms; Machine learning; Profitability; Scheduling algorithms; Stochastic systems; Cloud-computing; Distributed machine learning; Dynamic pricing; Dynamic scheduling; Heuristics algorithm; Machine-learning; Online placement; Pricing scheme; Runtimes; Workers'; Heuristic algorithms","","English","Article","Final","","Scopus","2-s2.0-85149396341"
"Umar, U.S.; Raheem, R.; Rana, M.E.","Umar, Umar Sunusi (58988381800); Raheem, Mafas (57221230578); Rana, Muhammad Ehsan (57189235083)","58988381800; 57221230578; 57189235083","Predictive Analysis of Customer Booking Completion with British Airways: Harnessing Data Mining Techniques","2023","","","","","591","599","0","0","10.1109/SCOReD60679.2023.10563801","https://www.scopus.com/inward/record.uri?eid=2-s2.0-85197738233&doi=10.1109%2FSCOReD60679.2023.10563801&partnerID=40&md5=5067f4184f59d1a688d2fa77e5f3b988","In this study, advanced data mining techniques were applied to predict and categorize customer ticket sales for British Airways based on online behaviour. Leveraging a unique dataset comprising 50,000 observations and 14 characteristics provided by British Airways, sophisticated data preprocessing, including the management of outliers, character variables, and missing data, was undertaken. Two machine learning models Random Forest and Decision Trees were employed and evaluated for their performance. The Random Forest model exhibited remarkable accuracy, achieving 93%, underscoring its effectiveness in forecasting customer booking patterns. In contrast, the Decision Tree model yielded a moderate accuracy of 63.5%, with potential for improvement through hyperparameter tuning. These outcomes contribute to the ongoing discourse on refining customer booking predictions, showcasing the Random Forest model's prowess and identifying areas for enhancement in the Decision Tree model. The study concludes with actionable recommendations for British Airways, emphasizing timely customer engagement, flexible flight schedules, tailored packages, online platform improvements, enhanced in-flight experiences, group booking accommodations, optimized pricing strategies, and catering to dietary preferences. © 2024 Elsevier B.V., All rights reserved.","Airline Industry; British Airways; Customer Ticket Purchases; Machine Learning Models; Marketing Strategies","Air transportation; Data mining; Decision trees; Forecasting; Machine learning; Airline industry; British Airways; Customer ticket purchase; Data preprocessing; Data-mining techniques; Decision-tree model; Machine learning models; Marketing strategy; Online behaviours; Random forest modeling; Sales","","English","Conference paper","Final","","Scopus","2-s2.0-85197738233"
"Ramakrishnan, R.; Mookherjee, U.K.","Ramakrishnan, Raman (55808097300); Mookherjee, Ujal Kumar (59503287800)","55808097300; 59503287800","Revolutionizing Retail: Empowering Personalized Shopping with Advanced Algorithms","2023","","","","","","","0","4","10.1109/TEMSCON-ASPAC59527.2023.10531538","https://www.scopus.com/inward/record.uri?eid=2-s2.0-85195119997&doi=10.1109%2FTEMSCON-ASPAC59527.2023.10531538&partnerID=40&md5=9a58606be4f37c8abba6e2b713b56d8d","Artificial intelligence and machine learning are bringing mass customization to the retail sector. These tools allow stores to improve customer service, streamline operations, and increase sales by analyzing massive volumes of consumer data. Knowing and anticipating what customers will want is essential for large-scale customization. A customer's purchase history, browsing habits, and social media activity may all be analyzed by AI and ML algorithms to produce highly accurate profiles. With this information, stores may better serve their customers by recommending and offering relevant products and creating targeted marketing campaigns. With the help of AI and ML, businesses can implement dynamic pricing strategies that adapt in real time to changing market conditions, supply and demand, and client preferences. This makes sure stores can maximize profits while maintaining competitive pricing. In addition to aiding in cost reduction and efficiency gains, these technologies' predictive capabilities are useful in demand forecasting, inventory management, and supply chain optimization. Chatbots and virtual assistants driven by AI allow for around-the-clock, individualized service for customers. © 2024 Elsevier B.V., All rights reserved.","Artificial intelligence; Chatbots; Customer data; Customer preferences; Dynamic pricing; Ethical considerations; Inventory; Machine learning; Management; Personalization; Retail","Cost reduction; Inventory control; Retail stores; Sales; Supply chains; Artificial intelligence learning; Chatbots; Customer data; Customer preferences; Dynamic pricing; Ethical considerations; Inventory; Machine-learning; Personalizations; Retail; Machine learning","","English","Conference paper","Final","","Scopus","2-s2.0-85195119997"
"Sun, Y.; Lu, X.; Xie, C.","Sun, Yutong (59011809100); Lu, Xiaopeng (59011971600); Xie, Chuwei (59011971700)","59011809100; 59011971600; 59011971700","Optimization of Replenishment Quantity and Pricing of Vegetable Items Based on Simulated Annealing Algorithm","2023","","","","","751","756","0","0","10.1109/ICAPC61546.2023.00147","https://www.scopus.com/inward/record.uri?eid=2-s2.0-85191961990&doi=10.1109%2FICAPC61546.2023.00147&partnerID=40&md5=76aec27be49d0b3761421fcabf044958","This article takes the sales data of a supermarket over the past three years as an example to study the replenishment decision and pricing decision of vegetable commodities. By analyzing the inherent association of vegetable categories and single items, the inherent association of commodity pricing and daily replenishment quantity, the model of commodity replenishment and pricing is obtained, and then the model is operated in more complex situations. Firstly, Spearman correlation analysis is used to obtain the correlation coefficient of vegetable commodities by using sales volume as a statistical measure at the category and single item scales, and the heat map of correlation coefficient is listed. Then, we use a fully connected neural network and gradient descent method to obtain the relationship model between the total sales volume and the price of vegetable categories, use a time-series prediction model to predict the total daily replenishment quantity, and calculate the total profit according to the daily replenishment quantity, cost-plus pricing, wholesale price, and loss rate. Finally, the optimal strategy under the constraint is solved, using simulated annealing algorithm and Spearman correlation coefficient optimization to predict the daily profit, and the selected vegetable varieties, i.e., the sales strategy that maximizes supermarket revenue, are given. The research of this problem can calculate the globally approximately optimal pricing and replenishment strategy, which can solve more practical problems. © 2024 Elsevier B.V., All rights reserved.","fully connected neural network; simulated annealing algorithm; Spearman correlation analysis; superstore pricing strategy; time series prediction model","Correlation methods; Costs; Forecasting; Gradient methods; Profitability; Retail stores; Sales; Time series; Time series analysis; Vegetables; Annealing algorithm; Correlation analysis; Fully connected neural network; Prediction modelling; Pricing strategy; Simulated annealing algorithm; Spearman correlation; Spearman correlation analyse; Superstore pricing strategy; Time series prediction; Time series prediction model; Simulated annealing","","English","Conference paper","Final","","Scopus","2-s2.0-85191961990"
"Zhang, C.","Zhang, Chenjie (59523449600)","59523449600","Automatic Pricing and Replenishment Decision Based on WSO-BiLSTM and Nonlinear Programming","2023","","","","","424","430","0","0","10.1109/ISPCEM60569.2023.00082","https://www.scopus.com/inward/record.uri?eid=2-s2.0-85191475497&doi=10.1109%2FISPCEM60569.2023.00082&partnerID=40&md5=f959fdad9bbffff7845330eb0c0dc6d6","Automatic pricing and replenishment decision-making requires fresh food superstores to make decisions on whether to stock, how much to stock, and how to price based on the historical sales data and demand of each commodity, and after making a full understanding of the information on sales flow, wholesale price, and wastage rate of each commodity. In this paper, based on WSO-BiLSTM and the nonlinear programming model, the optimization of replenishment and pricing strategy of vegetable commodities formulated by superstores is realized. Firstly, the total sales volume of each vegetable category and the single item is visualized, the correlation of each vegetable category is analyzed by the Pearson correlation coefficient, and the correlation of the sales volume of each single vegetable item is analyzed by Spearman correlation coefficient. Then, the relationship between the total sales volume of each vegetable category and the cost markup is analyzed, fitted using the support vector machine regression SVR nonparametric method, predicted using the long- and short-term recurrent neural network LSTM model, and the model is improved by introducing the WSO-BiLSTM model, which predicts the total daily replenishment volume in the next seven days, and the pricing decision is made to achieve the maximum revenue for the superstore. Finally, considering various types of constraints, a nonlinear planning model is established, and this planning model is converted into a 0-1 knapsack problem. The greedy algorithm is used to obtain the globally optimal solution, which gives a reasonable replenishment amount of single product and pricing strategy, making the hypermarket revenue maximized. The proposed model is close to reality and has high accuracy. © 2024 Elsevier B.V., All rights reserved.","BiLSTM model; greedy algorithm; nonlinear programming; support vector machine regression; WSO model","Combinatorial optimization; Correlation methods; Costs; Decision making; Fruits; Long short-term memory; Nonlinear programming; Profitability; Sales; Support vector machines; BiLSTM model; Decision-based; Decisions makings; Fresh food; Greedy algorithms; Planning models; Pricing strategy; Sale volumes; Support vector machine regressions; WSO model; Vegetables","","English","Conference paper","Final","","Scopus","2-s2.0-85191475497"
"Wang, P.; Che, K.; Fan, C.; Zhu, X.","Wang, Pengjie (57211409863); Che, Kaihua (58882803500); Fan, Chenxin (58931030100); Zhu, Xiaolin (57368345900)","57211409863; 58882803500; 58931030100; 57368345900","Merchandise Pricing and Replenishment Decision Based on ARIMA Model and BP Neural Network","2023","","","","","1078","1083","0","0","10.1109/ICEACE60673.2023.10442357","https://www.scopus.com/inward/record.uri?eid=2-s2.0-85187387462&doi=10.1109%2FICEACE60673.2023.10442357&partnerID=40&md5=43e353d211947891426a11eebc67a52a","With the development of economy and society, vegetable goods occupy an important position in the retail industry. In order to improve the sales efficiency and profit of the superstore, this paper addresses the problem of automatic pricing and replenishment decision-making for vegetables, analyses a large amount of sales data of vegetable goods, and takes into account the cost, promotional discounts and attrition rate and other factors. Based on the idea of realizing the maximization of the revenue of the superstore, and by determining the total amount of daily replenishment and pricing strategy, we build a model based on the historical sales data and demand forecasting, to determine the optimal pricing strategy and replenishment plan. We also use machine learning and optimization algorithms to solve the model. © 2024 Elsevier B.V., All rights reserved.","Cluster Analysis; Data Mining; Neural Networks; Regression Models; Time Series Analysis","Cluster analysis; Cost benefit analysis; Data mining; Decision making; Economics; Neural networks; Regression analysis; Sales; Time series analysis; ARIMA models; BP neural networks; Decision-based; Decisions makings; Economy and society; Neural-networks; Pricing strategy; Regression modelling; Retail industry; Time-series analysis; Vegetables","","English","Conference paper","Final","","Scopus","2-s2.0-85187387462"
"Yang, Q.; Liu, E.; Qiao, Y.","Yang, Quyixiao (58930659000); Liu, Enyu (58859844300); Qiao, Yue (58931429500)","58930659000; 58859844300; 58931429500","Intelligent Pricing and Replenishment Strategy for Vegetables Based on ARIMA Prediction and BP Neural Networks","2023","","","","","1479","1484","0","1","10.1109/ICEACE60673.2023.10442691","https://www.scopus.com/inward/record.uri?eid=2-s2.0-85187360278&doi=10.1109%2FICEACE60673.2023.10442691&partnerID=40&md5=8d71febd1ed4b3e8be08ebf0aa98bb24","With the improvement of people's living standard, people pay more and more attention to nutritional balance, which brings huge commercial profits, because vegetable goods can only be sold on the same day, taking into account the special characteristics of vegetable goods, the use of past sales data for data mining, to help store managers to make the best decision from the single product, category, replenishment volume, pricing. Firstly, using the idea of clustering, the single items are clustered, and Spearman correlation analysis model is established for correlation analysis, then, the weekly sales volume, sales unit price, wholesale price are counted, and the cost-plus pricing relationship of each category is back-calculated daily through the cost-plus pricing formula, and the total amount of replenishment of the vegetable category for a week and pricing strategy are predicted using the BP neural network prediction model forecasting, and the total amount of replenishment of the vegetable category for a week is predicted. Finally, the ARIMA time series prediction model is built to solve the pricing reference strategy for a single item on a single day and determine the replenishment quantity of a single item on a single day by considering the unit price of the vegetable category, the wholesale unit price, and the net profit from the sale of the vegetable category. The proposed model has excellent forecasting ability and the results are evaluated more objectively. © 2024 Elsevier B.V., All rights reserved.","BP Neural Network Prediction Models; Clustering Algorithm; Intelligent Decision Making for Goods; Polynomial Regression; Spearman Correlation","Behavioral research; Clustering algorithms; Correlation methods; Cost benefit analysis; Data mining; Decision making; Forecasting; Neural networks; Profitability; Sales; BP neural network prediction model; BP neural networks; Intelligent decision making for good; Intelligent decision-making; Neural network prediction model; Polynomial regression; Pricing strategy; Replenishment strategies; Spearman correlation; Unit prices; Vegetables","","English","Conference paper","Final","","Scopus","2-s2.0-85187360278"
"Gonçalves, M.C.; Machado, T.R.; Benitez Nara, E.O.B.; Dias, I.C.P.; Vaz, L.V.","Gonçalves, Marcelo Carneiro (58573585600); Machado, Thiago Roger (58778476300); Benitez Nara, Elpidio Oscar (55755763800); Dias, Izamara Cristina Palheta (58573574800); Vaz, Lucas Vianna (58778325700)","58573585600; 58778476300; 55755763800; 58573574800; 58778325700","Integrating Machine Learning for Predicting Future Automobile Prices: A Practical Solution for Enhanced Decision-Making in the Automotive Industry","2023","Lecture Notes in Computer Science","14316 LNCS","","","91","103","0","9","10.1007/978-3-031-50040-4_8","https://www.scopus.com/inward/record.uri?eid=2-s2.0-85180555199&doi=10.1007%2F978-3-031-50040-4_8&partnerID=40&md5=7e4855161830fd4f7e345afb1fa96566","This article presents a study conducted in a vehicle dealership company located in Southern Brazil. The company has been operating in the market since 2018 and faces challenges related to the lack of an automated and quantitatively based flow for negotiation, vehicle valuation, and inventory management. The absence of an automated Production Planning and Control (PPC) system and advanced techniques such as Machine Learning makes it difficult for the company to establish efficient pricing strategies, manage inventory, and make accurate decisions, which can negatively impact overall business performance. This study aims to implement a model that utilizes PPC and Machine Learning techniques to predict the selling price of vehicles. To achieve this goal, the research followed these steps: conducting a literature review on Machine Learning and PPC focused on Sales and Operations Planning (S&OP), analyzing the company’s current procedure through a BPMN diagram, collecting data from the top 5 vehicles with the highest turnover in the company. The study resulted in the implementation of an automated PPC and Machine Learning flow, enhancing the company’s sales management. © 2023 Elsevier B.V., All rights reserved.","Machine Learning Techniques; Production Planning and Control; Vehicle Sales","Automation; Automotive industry; Costs; Decision making; Inventory control; Learning algorithms; Machine learning; Production control; Vehicles; Automated productions; Decisions makings; Integrating machines; Inventory management; Machine learning techniques; Machine-learning; Practical solutions; Production planning and control; Southern Brazil; Vehicle sale; Sales","Janssen, M.; Matheus, R.; Pinheiro, L.; Frankenberger, F.; Dwivedi, Y.K.; Pappas, I.O.; Mäntymäki, M.","English","Conference paper","Final","","Scopus","2-s2.0-85180555199"
"El Youbi, R.; Messaoudi, F.; Loukili, M.","El Youbi, Raouya (58667068000); Messaoudi, Fayçal (55802960900); Loukili, Manal (57971423500)","58667068000; 55802960900; 57971423500","Machine Learning-driven Dynamic Pricing Strategies in E-Commerce","2023","","","","","","","0","17","10.1109/ICICS60529.2023.10330541","https://www.scopus.com/inward/record.uri?eid=2-s2.0-85180532279&doi=10.1109%2FICICS60529.2023.10330541&partnerID=40&md5=4e6a765e637125a37958bedb97d54a78","Dynamic pricing, the practice of adjusting prices in real-time based on various factors, has gained significant attention in the e-commerce industry. This paper presents a study on dynamic pricing using machine learning techniques to develop an accurate and effective pricing model. The study utilizes historical transaction data from an e-commerce platform and applies feature engineering and model selection to identify the most suitable machine learning algorithm. Gradient Boosting Machines (GBM) emerges as the primary model due to its ability to capture complex relationships and provide accurate predictions. The GBM model is trained and tuned using hyperparameter optimization techniques, and its performance is evaluated using Mean Squared Error (MSE) and R-squared (R2) score. The results demonstrate the superior performance of the GBM model compared to other algorithms, achieving a low MSE of 0.012 and a high R2 score of 0.92 on the validation set. The findings highlight the potential of machine learning in optimizing revenue and enhancing customer satisfaction through personalized pricing strategies. © 2023 Elsevier B.V., All rights reserved.","dynamic pricing; e-commerce; gradient boosting machines; hyperparameter tuning; machine learning; pricing model","Costs; Customer satisfaction; Electronic commerce; Learning systems; Machine learning; Mean square error; Dynamic pricing; E- commerces; Gradient boosting; Gradient boosting machine; Hyper-parameter; Hyperparameter tuning; Machine modelling; Machine-learning; Pricing models; Pricing strategy; Adaptive boosting","","English","Conference paper","Final","","Scopus","2-s2.0-85180532279"
"Shukla, S.; Kharde, Y.; Mandala, G.N.; Bhikaji Jadhav, S.; Doguparthy, G.S.","Shukla, Shyam B. (58637614100); Kharde, Yashomandira (58168667700); Mandala, Gangu Naidu (57223151328); Bhikaji Jadhav, Samadhan (58637066800); Doguparthy, Guna Sankar (58637435900)","58637614100; 58168667700; 57223151328; 58637066800; 58637435900","Optimization of Dynamic Pricing in E-Commerce Platform with Demand Side Management using Fuzzy Logic System","2023","","","","","848","853","0","1","10.1109/ICAISS58487.2023.10250726","https://www.scopus.com/inward/record.uri?eid=2-s2.0-85173615615&doi=10.1109%2FICAISS58487.2023.10250726&partnerID=40&md5=08eddb428c2ab9304a538e9ae01280b3","In e-commerce platforms, dynamic pricing has drawn a lot of attention as a potent tactic to boost sales and improve consumer happiness. But monitoring and comprehending client demand is crucial to the success of dynamic pricing. This study suggests an optimization framework for demand-side management that incorporates fuzzy logic into dynamic pricing in e-commerce platforms. To represent and capture the uncertainty and imprecision present in client demand, the suggested framework makes use of fuzzy logic. Fuzzy logic makes it possible to represent and work with linguistic variables, which makes decision-making more adaptable and natural. The approach takes into account the influence of customer behavior and preferences on pricing decisions by incorporating demand-side management. There are two primary steps in the optimization process. First, a fuzzy demand model is created to estimate consumer demand based on a variety of inputs, including pricing, product qualities, and customer traits. This model offers a quantitative knowledge of consumer behavior under various pricing conditions. Second, a pricing plan that maximizes platform profit while accounting for customer happiness and demand changes is determined using an optimization algorithm. By providing personalized pricing based on consumer preferences, the optimized pricing strategy increases revenue while also enhancing customer happiness. Demand-side management and fuzzy logic are combined to improve decision-making and help e-commerce platforms adjust to shifting consumer preferences and market conditions. © 2023 Elsevier B.V., All rights reserved.","artificial intelligence; customer traits; demand side management; e-commerce; fuzzy logic system","Computer circuits; Consumer behavior; Costs; Decision making; Demand side management; Electric utilities; Electronic commerce; Sales; Commerce platforms; Consumers' preferences; Customer trait; Decisions makings; Dynamic pricing; E- commerces; Fuzzy logic system; Fuzzy-Logic; Optimisations; Platform dynamics; Fuzzy logic","","English","Conference paper","Final","","Scopus","2-s2.0-85173615615"
"Nadeem, R.; Sivakumar, T.","Nadeem, Rashid (58616333300); Sivakumar, T. (58284993700)","58616333300; 58284993700","Flight Fare Forecasting: A Machine Learning Approach to Predict Ticket Prices","2023","Lecture Notes in Networks and Systems","727 LNNS","","","703","713","0","1","10.1007/978-981-99-3878-0_60","https://www.scopus.com/inward/record.uri?eid=2-s2.0-85172270413&doi=10.1007%2F978-981-99-3878-0_60&partnerID=40&md5=1e592386708592df99d1c8293560f633","Flight fares are known to be dynamic and can change rapidly due to several factors such as seasonality, demand, competition, and fuel prices. Predicting future ticket prices accurately is an important task for airlines, travel agencies, and customers. In recent years, machine learning techniques (MLT) have been increasingly used to forecast flight fares based on historical pricing data, weather conditions, and other relevant factors. This paper proposes a machine learning approach for flight fare forecasting that utilizes various features such as departure time, arrival time, airline, route, and historical prices. The proposed model is trained using a dataset of historical flight prices and other relevant data. The performance of the model is evaluated based on several metrics such as mean absolute error and mean squared error. The results of the experiments show that the proposed machine learning approach can accurately forecast flight fares with low error rates. This can help airlines and travel agencies to optimize their pricing strategies and provide customers with more accurate price information. In addition, customers can use this approach to make more informed decisions when purchasing airline tickets. Overall, this paper presents a novel approach to flight fare forecasting that has the potential to revolutionize the airline industry and improve the customer experience. © 2023 Elsevier B.V., All rights reserved.","Hyperparameter tuning; Mean absolute error; Prediction; Ticket prices; Weighted average ensemble","Air transportation; Costs; Errors; Machine learning; Mean square error; Sales; Fuel prices; Hyper-parameter; Hyperparameter tuning; Machine learning approaches; Mean absolute error; Seasonality; Ticket prices; Travel agency; Weighted average ensemble; Weighted averages; Forecasting","Chaki, N.; Roy, N.D.; Debnath, P.; Saeed, K.","English","Conference paper","Final","","Scopus","2-s2.0-85172270413"
"Aliberti, A.; Xin, Y.; Viticchié, A.; Macii, E.; Patti, E.","Aliberti, Alessandro (57195104887); Xin, Yao (58551569900); Viticchié, Alessio (57191431231); Macii, Enrico (56056204100); Patti, Edoardo (56090685400)","57195104887; 58551569900; 57191431231; 56056204100; 56090685400","Comparative analysis of neural networks techniques to forecast Airfare Prices","2023","Proceedings - IEEE Computer Society's International Computer Software and Applications Conference","2023-June","","","1023","1029","0","3","10.1109/COMPSAC57700.2023.00157","https://www.scopus.com/inward/record.uri?eid=2-s2.0-85168882020&doi=10.1109%2FCOMPSAC57700.2023.00157&partnerID=40&md5=d580350ea3d3f0d32f6622dfe259934e","With the growth of tourism industry, airplanes have became an affordable choice for medium- and long-distance travels. Accurate forecasting of flights tickets helps the aviation industry to match demand, supply flexibly and optimize aviation resources. Airline companies use dynamic pricing strategies to determine the price of airline tickets to maximize profits. Passengers want to purchase tickets at the lowest selling price for the flight of their choice. However, airline tickets are a special commodity that is time-sensitive and scarce, and the price of airline tickets is affected by various factors.Our research work provides a systematic comparison of various traditional machine learning methods (i.e., Ridge Regression, Lasso Regression, K-Nearest Neighbor, Decision Tree, XGBoost, Random Forest) and deep learning methods (e.g., Fully Connected Networks, Convolutional Neural Networks, Transformer) to address the problem of airfare prediction, by keeping the consumers' needs. Moreover, we proposed innovative Bayesian neural networks, which represent the first exploitation attempt of Bayesian Inference for the airfare prediction task, to the best of our knowledge. Therefore, we evaluate the performance of our implemented and optimized models on an open dataset. The experimental results show that deep learning-based methods achieve better results on average than traditional ones, while Bayesian neural networks can achieve better performance among the other machine learning methods. However, taking into account both prediction performance and computational time, the Random Forest turns out to be the best choice to apply in this scenario. © 2023 Elsevier B.V., All rights reserved.","Airfare prediction; Bayesian Neural Network; Deep Learning; Machine Learning; Regression","Air transportation; Bayesian networks; Civil aviation; Convolutional neural networks; Costs; Decision trees; Deep neural networks; Inference engines; Learning systems; Logistic regression; Nearest neighbor search; Random forests; Sales; Airfare prediction; Airline tickets; Bayesian neural networks; Comparative analyzes; Deep learning; Machine learning methods; Machine-learning; Performance; Regression; Forecasting","Shahriar, H.; Teranishi, Y.; Cuzzocrea, A.; Sharmin, M.; Towey, D.; Majumder, AKM.J.A.; Kashiwazaki, H.; Yang, J.-J.; Takemoto, M.; Sakib, N.; Banno, R.; Ahamed, S.I.","English","Conference paper","Final","","Scopus","2-s2.0-85168882020"
"Shu, J.; Tang, N.; Kuang, W.; Chen, T.; Lu, J.; Wang, W.","Shu, Jiao (59576476800); Tang, Ningkai (56430464700); Kuang, Wenteng (57204044816); Chen, Tianyu (58344417900); Lu, Jixiang (57206466502); Wang, Wei (57234778500)","59576476800; 56430464700; 57204044816; 58344417900; 57206466502; 57234778500","Price-taker Bidding and Pricing Strategy Using Deep Deterministic Policy Gradient Algorithm with Transformer Neural Networks","2023","","","","","1830","1835","0","0","10.1109/ACPEE56931.2023.10135772","https://www.scopus.com/inward/record.uri?eid=2-s2.0-85162618110&doi=10.1109%2FACPEE56931.2023.10135772&partnerID=40&md5=11e95ec339463b3dc82392460fab0317","The joint strategy optimization problem of a load serving entity (LSE) in both wholesale electricity market (WEM) and retail electricity market (REM) is converted into an aggregated load prediction problem and a sequential decision optimization problem, under the condition of ""price-taker"". By formulating the original retail price optimizing problem as a Markov decision process (MDP), a novel deep deterministic policy gradient (DDPG) algorithm combining with a transformer based representation network (DDPG-TSFR) is proposed to solve this MDP. A new network structure is designed for the proposed DDPG-TSFR by using multiple loss functions, and a method based on gradient normalization (GradNorm) is adopted to realize adaptive loss weighting factors. We conduct several numerical experiments to compare the training and computational behaviors of the proposed DDPG-TSFR with different DRL based approaches. Numerical results validate the effectiveness and superiority of the proposed approach. © 2023 Elsevier B.V., All rights reserved.","bidding and pricing; deep reinforcement learning (DRL); Electricity market; transformer network","Costs; Deep learning; Electric industry; Electric loads; Optimization; Power markets; Reinforcement learning; Bidding and pricing; Deep reinforcement learning; Deterministics; Gradient algorithm; Markov Decision Processes; Optimization problems; Policy gradient; Price takers; Reinforcement learnings; Transformer network; Markov processes","Lie, T.-T.; Luan, W.; Liu, Y.","English","Conference paper","Final","","Scopus","2-s2.0-85162618110"
"Zude, W.; Caihua, C.; Min, L.","Zude, Wang (58081563700); Caihua, Chen (57213686584); Min, Li (57894003500)","58081563700; 57213686584; 57894003500","Online real-time dynamic pricing using deep reinforcement learning policy under uncertainty; 不确定性环境下在线实时定价的深度强化学习策略","2023","Journal of Industrial Engineering and Engineering Management","37","1","","117","124","0","1","10.13587/j.cnki.jieem.2023.01.011","https://www.scopus.com/inward/record.uri?eid=2-s2.0-85147026261&doi=10.13587%2Fj.cnki.jieem.2023.01.011&partnerID=40&md5=510632917583749f8aace2c6de3269be","With the commercial development, it has become difficult to adapt traditional fixed pricing model to application scenarios where demands change dynamically, which poses a challenge for enterprises. The dynamic pricing model is increasingly favored by enterprises with the acceleration of commercial digitalization because based on the model, prices can be adapted as demands change. In the big data era, enterprises have collected substantial data concerning demands. A real-time analysis of demands to support the development of dynamic pricing strategies may be realized. Based on the theory of deep reinforcement learning, this paper proposes a dynamic pricing learning framework, which learns pricing strategies on the basis of complex changes of demand features and adjusts the price adaptively by interacting with the environment. Some businesses need to sell given stocks within a fixed term. They have no opportunity to replenish their stocks during the short sales period. Thus, there is no residual value for unsold goods at the end of the sales period. Faced with a complex, uncertain demand environment, businesses need to devise ways to maximize cumulative returns through dynamic pricing adjustments within the time limit. Therefore, this paper proposes the Deep Reinforcement Learning Framework for Dynamic Pricing (DRL-DP) based on the theory of deep reinforcement learning, which models the problem as Markov Decision Process (MDP) in the first place. Different from previous studies, this paper adds environmental features influencing demands and sequential feedback information from different decisions to the state space in the MDP so that the DRL-DP may master more information concerning demands. In addition, this paper explores how to suppress the reward fluctuations caused by uncertain demands in the reward function for improving the accuracy of the reward estimation. Secondly, this paper uses Deep Q-network (DQN) to learn pricing strategies, focusing on the neural network design of Q-network with high-dimensional state features to deal with dynamic pricing. At last, this paper designs an online pricing agent interaction environment to evaluate the performance of DRL-DP. In this environment, the dynamic pricing based on interdependencies of demands across time periods is simulated, and the neural network is used to generate environmental features automatically. The advantages of DRL-DP are verified by numerical experiments. First, this paper compares DRL-DP and tabular reinforcement learning dynamic pricing algorithms in the performance of cumulative returns and convergence of pricing strategies. The experimental results demonstrate that as compared with other algorithms, DRL-DP is higher in both cumulative returns and convergence rate of pricing strategies. Therefore, in the uncertain dynamic pricing environment, the pricing strategy learning ability of DRL-DP outperforms that of tabular reinforcement learning dynamic pricing algorithms when there is a correlation between demands and environmental features. Second, this paper analyzes the effects of different exploration rates and different reward functions on DRL-DP returns. The results show that the accuracy of value function estimation is improved by attenuated exploration rates and reward functions suppressing fluctuations in returns, and thus, DRL-DP is better in the performance of cumulative returns. The study results show that DRL-DP can automatically learn the relationship between demands and prices from various factors influencing demands and adjust the pricing strategies adaptively through an interaction with the environment, thus maximizing the cumulative returns. As a model-free learning framework for dynamic pricing, DRL-DP can make dynamic pricing decisions in situations where the relevant demand function is unknown. Moreover, it is suitable for the learning of high-dimensional state features. Therefore, this study is of great significance for the exploration of dynamic pricing strategies in the background of big data. © 2023 Elsevier B.V., All rights reserved.","Deep reinforcement learning; Dynamic pricing; Revenue management","","","English","Article","Final","","Scopus","2-s2.0-85147026261"
"Yang, Y.; Chu, W.-L.; Wu, C.-H.","Yang, Yang (57480733100); Chu, Wan Ling (57829339400); Wu, Cheng Hung (25824511400)","57480733100; 57829339400; 25824511400","Learning customer preferences and dynamic pricing for perishable products","2022","Computers and Industrial Engineering","171","","108440","","","0","7","10.1016/j.cie.2022.108440","https://www.scopus.com/inward/record.uri?eid=2-s2.0-85135374119&doi=10.1016%2Fj.cie.2022.108440&partnerID=40&md5=d4ee97f8d5e0b7c26e6e11cd88b0010f","This research proposes a revenue management framework for perishable products when customer preferences are unknown before the selling season begins. In this research, customer preferences are measured by the distribution of customer willingness to pay (WTP). When the WTP distribution is initially unknown, a long short-term memory (LSTM) neural network is adopted to quickly learn the distribution by using limited selling data in early periods of the selling season. The average LSTM estimation error is less than 5% in the fifth period of the selling horizon and approximately 1% in the 25th period when the WTP follows a Gaussian distribution with an unknown mean. The estimation of WTP distribution is then used by a dynamic pricing model to generate optimal price decisions. To reduce the calculation burden of the pricing model, we present the existence of a lower bound on the optimal price, provided that the coefficient of variation of WTP distribution is bounded by 80%. In our numerical study, the proposed pricing framework is benchmarked against the optimal pricing strategy under a known customer WTP distribution, and the revenue difference caused by the unknown WTP distributions is less than 2% in most cases. This small revenue difference represents the costs to learn the unknown customer preferences. For perishable products without inventory replenishment, such as airline tickets or hotel rooms, the small preference learning costs make the proposed framework especially valuable. © 2022 Elsevier B.V., All rights reserved.","Customer preference; Dynamic pricing; Machine learning; Perishable product","Costs; Economics; Sales; Customer preferences; Dynamic pricing; Learn+; Machine-learning; Management frameworks; Memory estimation; Neural-networks; Perishable product; Revenue management; Willingness to pay; Long short-term memory","","English","Article","Final","","Scopus","2-s2.0-85135374119"
"Loh, E.; Khandelwal, J.; Regan, B.; Little, D.A.","Loh, Eleanor (57815294100); Khandelwal, Jalaj (57814133900); Regan, Brian (57814327000); Little, Duncan A. (55796163200)","57815294100; 57814133900; 57814327000; 55796163200","Promotheus: An End-to-End Machine Learning Framework for Optimizing Markdown in Online Fashion E-commerce","2022","","","","","3447","3457","0","6","10.1145/3534678.3539148","https://www.scopus.com/inward/record.uri?eid=2-s2.0-85137149241&doi=10.1145%2F3534678.3539148&partnerID=40&md5=6046b950e626cd27ff39512ce1681b5d","Managing discount promotional events (""markdown"") is a significant part of running an e-commerce business, and inefficiencies here can significantly hamper a retailer's profitability. Traditional approaches for tackling this problem rely heavily on price elasticity modelling. However, the partial information nature of price elasticity modelling, together with the non-negotiable responsibility for protecting profitability, mean that machine learning practitioners must often go through great lengths to define strategies for measuring offline model quality. In the face of this, many retailers fall back on rule-based methods, thus forgoing significant gains in profitability that can be captured by machine learning. In this paper, we introduce two novel end-to-end markdown management systems for optimising markdown at different stages of a retailer's journey. The first system, ""Ithax,""enacts a rational supply-side pricing strategy without demand estimation, and can be usefully deployed as a ""cold start""solution to collect markdown data while maintaining revenue control. The second system, ""Promotheus,""presents a full framework for markdown optimization with price elasticity. We describe in detail the specific modelling and validation procedures that, within our experience, have been crucial to building a system that performs robustly in the real world. Both markdown systems achieve superior profitability compared to decisions made by our experienced operations teams in a controlled online test, with improvements of 86% (Promotheus) and 79% (Ithax) relative to manual strategies. These systems have been deployed to manage markdown at ASOS.com, and both systems can be fruitfully deployed for price optimization across a wide variety of retail e-commerce settings. © 2022 Elsevier B.V., All rights reserved.","dynamic pricing; e-commerce; markdown optimization","Costs; E-learning; Elasticity; Electronic commerce; Machine learning; Online systems; Sales; Dynamic pricing; E- commerces; Elasticity modeling; End to end; Learning frameworks; Machine-learning; Markdown optimization; On-line fashion; Optimisations; Price-elasticity; Profitability","","English","Conference paper","Final","All Open Access; Green Accepted Open Access; Green Open Access","Scopus","2-s2.0-85137149241"
"Agarwal, G.K.; Simonsson, J.; Magnusson, M.; Hald, K.S.; Johanson, A.","Agarwal, Girish Kumar (57220927712); Simonsson, Johan (57216452658); Magnusson, Mats G. (57217579881); Hald, Kim Sundtoft (14070221000); Johanson, Anders (57216542530)","57220927712; 57216452658; 57217579881; 14070221000; 57216542530","Value-capture in digital servitization","2022","Journal of Manufacturing Technology Management","33","5","","986","1004","0","29","10.1108/JMTM-05-2021-0168","https://www.scopus.com/inward/record.uri?eid=2-s2.0-85123837808&doi=10.1108%2FJMTM-05-2021-0168&partnerID=40&md5=fe382d06f17573328fa52da8c8f1b506","Purpose: Digital capabilities in operations and delivery through constant data acquisition and future predictions have accelerated digital servitization through reduced uncertainty. New flexibility in value-capture concepts like dynamic and value-based pricing is introduced, which was impossible before. This paper explores two things. Firstly, how embracing contractual flexibility of price-variance and contract lengths influences customer perceived value in artificial intelligence (AI) enabled digital offerings. Secondly, the role transparency plays in the perceived value of such offerings. Design/methodology/approach: The paper uses an experiment-based survey and quantitative assessment within a business-to-business setup with 137 respondents across a couple of industrial manufacturers in the Nordic region. Findings: The authors observations indicate that value-capture-related flexibilities introduced by digital offerings, namely price fluctuations and longer contract lengths, are perceived to deliver more value to customers than standard offerings with known conditions. The authors findings indicate that introduced flexibilities are perceived as opportunities rather than uncertainties leading to higher perceived value by customers. The increased value perception can be explained by the transparency of these offerings provided by data-driven digital technologies'. Originality/value: The paper is an original work to understand the value-capture implication of digital servitization. The authors discuss the possibilities of different value-capture strategies that companies can adopt within digital business models. © 2022 Elsevier B.V., All rights reserved.","Artificial intelligence; Digital servitization; Value-capture","Artificial intelligence; Data acquisition; Sales; Surveys; Customer perceived values; Design/methodology/approach; Digital servitization; Future predictions; Quantitative assessments; Servitization; Uncertainty; Value captures; Value-based pricing; Transparency","","English","Article","Final","","Scopus","2-s2.0-85123837808"
"Zhou, Q.; Yang, Y.; Fu, S.","Zhou, Qiang (57224469931); Yang, Yefei (56595854900); Fu, Shaochuan (25929166800)","57224469931; 56595854900; 25929166800","Deep reinforcement learning approach for solving joint pricing and inventory problem with reference price effects","2022","Expert Systems with Applications","195","","116564","","","0","33","10.1016/j.eswa.2022.116564","https://www.scopus.com/inward/record.uri?eid=2-s2.0-85124582611&doi=10.1016%2Fj.eswa.2022.116564&partnerID=40&md5=f2a43d1eabba04c162d99913ad2c42b4","Reference prices, developed by consumers who frequently buy their desired products or services and form psychological price expectations as a benchmark, have significant impacts on customers’ purchase behaviors and firms’ operational strategies. Therefore, to determine an appropriate pricing and ordering strategy to maximize the total discounted revenues of a retailer, we consider joint pricing and inventory management system under reference price effects in an infinite horizon. Such a system involves uncertain market turbulence and customers’ sensitivities to gains and losses (loss-averse, gain-seeking and loss-neutral). We aggregate those factors into a general value function model with only a few realistic constraints on the variables and structure parameters. A deep reinforcement learning approach based on Double Deep Q-Networks with a target network (TN-DDQN) algorithm is proposed and forms the core of the expert decision system. Two ground truth algorithms (value iteration and real-demand-response policy) and two classical RL algorithms (Double Q-learning and Q-learning) are compared with the TN-DDQN algorithm in discrete and continuous state spaces respectively. Through a sequence of experiments, we find that the retailer should not ignore the impact of current prices on future demand, and a myopic policy will cause the retailer's profits to decrease through reference price effects. Moreover, we also find that if customers have high abilities to remember previous prices, the retailer must bring sales prices down and raise the order-up-to level accordingly. Our system with the TN-DDQN algorithm provides a new way to handle complicated behavioral science and operation problems, which can be applied in a broader field. © 2022 Elsevier B.V., All rights reserved.","Deep reinforcement learning; Dynamic pricing; Inventory control; Machine learning; Reference price effects","Consumer behavior; Costs; Economics; Inventory control; Iterative methods; Learning algorithms; Reinforcement learning; Sales; Dynamic pricing; Inventory problem; Joint pricing; Operational strategies; Pricing problems; Pricing strategy; Q-learning; Reference price effects; Reference prices; Reinforcement learning approach; Deep learning","","English","Article","Final","","Scopus","2-s2.0-85124582611"
"Guo, L.","Guo, Lina (57194528606)","57194528606","Cross-border e-commerce platform for commodity automatic pricing model based on deep learning","2022","Electronic Commerce Research","22","1","","","","0","36","10.1007/s10660-020-09449-6","https://www.scopus.com/inward/record.uri?eid=2-s2.0-85095875152&doi=10.1007%2Fs10660-020-09449-6&partnerID=40&md5=5007377188a9c7165c546f6be3b3b3ae","With the innovation of information technology and the rise of the Internet economy, cross-border e-commerce has grown up to be an important means and strategy for enterprises to seek rapid development. This paper proposes a model that fuses CNN (Convolutional Neural Network) and attention mechanism to encode image features, and selects the image features of commodities. A 5-layer CNN without a fully connected layer is constructed to initially extract image features, and then a set of attention mechanism strategies is designed. This strategy is used to select the image features that have the greatest impact when generating words at different times. Considering the characteristics of quantitative indicators of the pricing model, this paper transforms this evaluation process of consumers into price perception. Corresponding mathematical model is set up to improve and expand the original probability unit model. The consumer selection model is utilized to obtain a prediction of product market share, and a nonlinear constraint programming is established to determine the optimal price. The strategy takes into account the changed market shares of consumer characteristics and product quality evaluation results. In the two-layer hybrid channel supply chain model, retailers and manufacturers all use third-party platforms when they achieve maximum benefits; when price cross-elasticity coefficients and third-party platform usage fees are independent variables of influencing factors, retailers are dispersed on CNN to get the most profit under the pricing strategy. Similarly, when the unit product tax difference is the independent variable of the influencing factors, the manufacturer is also the most profitable under the CNN decentralized pricing strategy. © 2022 Elsevier B.V., All rights reserved.","Automatic image description; Cross-border e-commerce; Deep learning; Pricing model","","","English","Article","Final","","Scopus","2-s2.0-85095875152"
"Hosein, P.","Hosein, Patrick A. (6602800746)","6602800746","A Data-Driven Pricing Strategy for Automobile Insurance Policies","2022","","","","","1","4","0","0","10.1109/ACMLC58173.2022.00009","https://www.scopus.com/inward/record.uri?eid=2-s2.0-85171566823&doi=10.1109%2FACMLC58173.2022.00009&partnerID=40&md5=3556026fd418256bd04779d39315851e","An automobile insurance policy premium depends on three factors, the risk associated with the drivers and cars on the policy, the operational costs to manage the policy and the profit margin. The premium is then some function of these. Operational costs are dependent on the company efficiency. The achieved profit margin is dependent on the competition experienced. Risk, however, is a customer dependent factor and hence premiums should take into account potential risk of a new policy. Traditionally, risk tables are used to compute the risk of a new customer but we instead use historical data to predict the average claim amount that would be made on a new policy in the coming year if it was approved. We use this value, as a measure of risk, to better determine the premium that is charged. We illustrate the approach with a single customer feature, the age of the driver, but the approach can be used to take into account several customer and/or car features. © 2023 Elsevier B.V., All rights reserved.","Claims Prediction; Machine Learning; Marketing Campaign; Motor Insurance; Premium Pricing; Risk","Insurance; Machine learning; Profitability; Risk assessment; Sales; Automobile insurance; Claim prediction; Data driven; Insurance policies; Machine-learning; Marketing campaign; Motor insurance; Premium pricing; Pricing strategy; Profit margin; Costs","","English","Conference paper","Final","","Scopus","2-s2.0-85171566823"
"Zheng, X.","Zheng, Xi (57560086100)","57560086100","Multimodal Learning for Improved NFT Price Prediction","2022","","","","","74","79","0","5","10.1109/ICEBE55470.2022.00022","https://www.scopus.com/inward/record.uri?eid=2-s2.0-85148576427&doi=10.1109%2FICEBE55470.2022.00022&partnerID=40&md5=64c674120fa98b50df1bfd79ec860c56","NFTs (Non-fungible tokens) refer to digital assets in the form of art, game items and other collectibles that are encoded in smart contracts on blockchain. Starting from 2021, the NFT market has been growing exponentially. However, the overall structures, evolutions and trends of the market have not been sufficiently explored. In this study, we analyze data of 9,045 NFTs which were on sale at OpenSea in April 2021 and predict their price using both visual and non-visual information by a two-stage machine learning approach and an end-To-end deep learning approach. To examine the effectiveness of multimodality, models trained on unimodal and multimodal data are compared. Besides, the effect of different feature fusion techniques on model performance is analyzed. To identify important predictors, the top ten most influential features are also presented. Results show that among two-stage models, the VGG-RF model trained on multimodal data gives the best performance of R squared 69.75% and RMSE 565.49. Among end-To-end models, the multimodal neural network with self and cross-Attention achieves the best performance of R squared 69.25 % and RMSE 569.13. Our results also demonstrate that the visual aspect of NFT have an impact on its price, but this impact is weaker than some non-visual information such as total number of bids in history and the collection the NFT comes from. We expect findings of this study facilitate future researches on NFT trading and pricing strategies, and help investors make more advisable investment decisions. © 2023 Elsevier B.V., All rights reserved.","machine learning; multimodal learning; neural network; Non-fungible token; price prediction","Arts computing; Blockchain; Commerce; Deep learning; Forecasting; Investments; Learning systems; Digital assets; Machine-learning; Multi-modal data; Multi-modal learning; Neural-networks; Non visuals; Non-fungible token; Performance; Price prediction; Visual information; Smart contract","","English","Conference paper","Final","","Scopus","2-s2.0-85148576427"
"Matey, V.; Chauhan, N.; Mahale, A.; Bhistannavar, V.; Shitole, A.","Matey, Vedang (58093729200); Chauhan, Nikita (56785400100); Mahale, Aditi (58093765100); Bhistannavar, Vidya (58093918900); Shitole, Ajitkumar S. (57209466868)","58093729200; 56785400100; 58093765100; 58093918900; 57209466868","Real Estate Price Prediction using Supervised Learning","2022","","","","","","","0","6","10.1109/PuneCon55413.2022.10014818","https://www.scopus.com/inward/record.uri?eid=2-s2.0-85147543095&doi=10.1109%2FPuneCon55413.2022.10014818&partnerID=40&md5=f337062d739364bd7b860b6b772aca3c","The least transparent sector of our economy is real estate. Housing prices change daily and are occasionally inflated rather than based on an appraisal. The central focus of our approach is using fundamental factors to forecast house values. Here, we strive to establish our assessments on each essential aspect when deciding the house's price. In our project, three elements affect a house's price: its physical attributes, design, and location. There have been a lot of studies utilizing typical machine learning techniques to estimate house prices effectively. Still, they need to pay more attention to how well each model performs and ignore the less well-known but more sophisticated models. Our project involves predictions using different Regression techniques like Linear Regression, Lasso Regression, and Decision Tree. Our project includes estimating the price of houses without any expectations of market prices and cost increments. The project aims to predict residential prices for customers considering their financial plans and needs. This project means to predict house prices in Pune city with various regression techniques. The project aims to predict cogent housing prices for those who do not own homes depending on their financial capabilities and desires. Estimating pricing will be possible by examining the mentioned goods, fare ranges, and advancements. This initiative aims to enable individuals to pinpoint the specific timeline for home acquisition and sellers in assessing the cost of a home sale. Spending resources on web-based apps without consulting a broker will benefit clients. Additionally, it provides a brief explanation of the various graphical and numerical techniques that are required to calculate the price of a home. Our study explains the goal of machine learning, the workings of the house pricing model, and the datasets that went into developing the model we suggest. Lasso, Decision Tree, and Linear Regression were among the models looked at in the study (accuracy: 83.54 percent) (accuracy -77.88 percent). © 2023 Elsevier B.V., All rights reserved.","decision tree; feature extraction; lasso; linear regression; machine learning; supervised machine learning","Costs; Economics; Forecasting; Houses; Learning systems; Linear regression; Features extraction; House's prices; Housing prices; Lasso; Machine-learning; Price prediction; Real estate prices; Real-estates; Regression techniques; Supervised machine learning; Decision trees","","English","Conference paper","Final","","Scopus","2-s2.0-85147543095"
"Li, Y.; Yang, Z.; Sun, J.; Hu, X.","Li, Yinmeng (58066888900); Yang, Zhaojun (57193136154); Sun, Jun (55716202200); Hu, Xu (57205581231)","58066888900; 57193136154; 55716202200; 57205581231","Pricing Strategies of AI-enabled and Regular Products","2022","IEEE International Conference on Industrial Engineering and Engineering Management","2022-December","","","859","863","0","2","10.1109/IEEM55944.2022.9989923","https://www.scopus.com/inward/record.uri?eid=2-s2.0-85146355673&doi=10.1109%2FIEEM55944.2022.9989923&partnerID=40&md5=e5ba1d7e48548ff64573b3a7b83c7207","At present, the trend of artificial intelligence (AI) for product innovation is becoming widespread, and many manufacturers enhance their products with AI. In the process of AI-enabled product production and sales, manufacturers must make decisions on not only the retail prices of AI-enabled products but also whether to reprice their original products. This study investigates the optimal decisions for manufacturers, considering the degree of consumers' AI preference and the substitutability of the two products. We find that manufacturers often need to reprice their regular products after launching AI-enabled products to gain maximum benefits. In addition, this study also explores the impact of price sensitivity and cross-price sensitivity on the manufacturer's optimal pricing decisions. The results of numerical analyses yield managerial implications for product manufacturers engaged in AI enhancement. © 2023 Elsevier B.V., All rights reserved.","AI preference; AI-enabled products; artificial intelligence (AI); product pricing; technology level","Costs; Sales; Artificial intelligence; Artificial intelligence preference; Artificial intelligence-enabled product; Intelligence preference; Price sensitivity; Pricing strategy; Product innovation; Product pricing; Product sales; Technology level","","English","Conference paper","Final","","Scopus","2-s2.0-85146355673"
"Geng, G.; Guan, Z.","Geng, Guojing (57224769307); Guan, Zhigui (57193424377)","57224769307; 57193424377","Application of Capital Asset Pricing Model Based on BP Neural Network in E-commerce Financing","2022","Computational Intelligence and Neuroscience","2022","","5654271","","","0","3","10.1155/2022/5654271","https://www.scopus.com/inward/record.uri?eid=2-s2.0-85137020114&doi=10.1155%2F2022%2F5654271&partnerID=40&md5=12dea531de9f98b8ebaf437484d708a0","The study explores the risks and benefits of investors in e-commerce financing under the background of ""double carbon""to maximize investors' interests and reduce investment losses. The Back Propagation Neural Network (BPNN) algorithm model of e-commerce enterprise financing based on the Capital Asset Pricing Model (CAPM) is mainly studied. First, according to the worldwide literature, the theoretical concept and principle of the CAPM are deeply studied and analyzed. Then, from the perspective of ""double carbon,""with the financing risk characteristics of listed companies responding to the ""double carbon""policy as samples, the CAPM model of e-commerce financing under the BPNN algorithm is established. Next, the BPNN is used to input the financing samples of e-commerce enterprises and train the model. The verification experiment of the capital asset financing model of e-commerce enterprises is further conducted. The experimental results show that the model error is the smallest when the number of neurons in the hidden layer reaches about 20. Therefore, the number of neurons in the hidden layer of the model is set to 20. When the number of iterations in training reaches 3000, the financing risk model begins to show a convergence trend. Finally, it can be determined that the number of adaptive iterations of the model is 3000. When the learning rate is 0.03, the oscillation of the model is smaller and stabler, so the model learning rate is 0.03, and the final model error is only 9.96×10-8. Based on this, e-commerce enterprises can achieve the purpose using this model to adjust the coefficient in financing in the future. The results have certain reference significance for e-commerce financing risk assessment under a ""double carbon""background. © 2022 Elsevier B.V., All rights reserved.","","Costs; Electronic commerce; Electronic trading; Financial markets; Investments; Learning algorithms; Neural networks; Risk assessment; Back-propagation neural networks; Capital asset pricing model; E- commerces; E-commerce enterprise; Financing risk; Hidden layers; Learning rates; Model errors; Model-based OPC; Neural networks algorithms; Carbon; carbon; commercial phenomena; cost; investment; Commerce; Costs and Cost Analysis; Neural Networks, Computer","","English","Article","Final","All Open Access; Green Accepted Open Access; Green Open Access; Hybrid Gold Open Access","Scopus","2-s2.0-85137020114"
"Yu, S.; Wang, Z.; Ding, X.","Yu, Shusong (25423285600); Wang, Zhicheng (57766227900); Ding, Xiangqian (25421149900)","25423285600; 57766227900; 25421149900","Research on the model of manufacturing product pricing strategy based on ConvLSTM","2022","Proceedings of SPIE - The International Society for Optical Engineering","12260","","122600U","","","0","0","10.1117/12.2637846","https://www.scopus.com/inward/record.uri?eid=2-s2.0-85132916677&doi=10.1117%2F12.2637846&partnerID=40&md5=dfea597cce8c68ef7e2599e9d94da119","As we all know, price is a very important factor that affects product sales. To a certain extent, price cuts will increase sales, and price increases within the acceptable range of users can increase manufacturers' profits. Therefore, for manufacturing companies, scientific product pricing has always been a tricky issue. The pricing strategy model of traditional manufacturing companies is generally based on traditional estimates and conduct price reduction promotions. At present, there are not many pricing strategy models with better scalability for manufacturing companies, especially there are not many quantitative models that can effectively evaluate the impact of competing products on this product. For manufacturing companies, the easiest way to affect sales is to modify product prices. Therefore, based on the relatively novel ConvLSTM eural network model, this article constructs a pricing strategy model for manufacturing companies. To build a pricing strategy model based on cross-domain and cross-brand data, the traditional LSTM model cannot capture the complex relationships between different dimensions of data. Therefore, this article introduces the improved ConvLSTM neural network model of the LSTM model into the field of pricing strategy, and first passes the relevant data through the convolutional layer before ConvLSTM to fully explore the hidden high-dimensional logical associations between the cross-manufacturer and cross-domain data. Therefore, this chapter uses the ConvLSTM model to predict sales based on cross-domain and cross-brand data. At the same time, statistical methods are used to check the confidence interval of the prediction results to enhance the reliability of the model. Finally, use the predictive model to traverse the reasonable pricing interval to obtain the simulated highest sales and optimal product pricing. This chapter finally verifies the superiority of the ConvLSTM-based pricing strategy model proposed in this chapter through design comparison experiments. © 2022 Elsevier B.V., All rights reserved.","ConvLSTM model; deep learning; LSTM; Pricing strategy","Costs; Industrial research; Long short-term memory; Manufacture; Neural network models; ConvLSTM model; Cross-domain; Deep learning; LSTM; Manufacturing companies; Manufacturing products; Pricing strategy; Product pricing; Product sales; Strategy modeling; Sales","Lu, Y.; Cheng, C.","English","Conference paper","Final","All Open Access; Gold Open Access","Scopus","2-s2.0-85132916677"
"Sakri, S.B.; Ali, Z.","Sakri, Sapiah Binti (57202576445); Ali, Zaiton (23766815500)","57202576445; 23766815500","Analysis of the Dimensionality Issues in House Price Forecasting Modeling","2022","","","","","13","19","0","10","10.1109/WiDS-PSU54548.2022.00015","https://www.scopus.com/inward/record.uri?eid=2-s2.0-85130093445&doi=10.1109%2FWiDS-PSU54548.2022.00015&partnerID=40&md5=bf49aa6b3bb73bcec34365c3692ccf94","House price fluctuations in the real estate market occur due to the effects of other variables that are correlated to housing prices. Some prices cannot be controlled or it is not known when they will increase or decrease. These fluctuations accord with the hedonic pricing theory, which suggests that house pricing depends on the composite features. Our study explores this econometric concept using machine learning algorithms in the effort to accurately forecast house prices. To build the forecasted models, we use the Ames housing dataset, which include 82 explanatory features and 2930 entries on housing sales in Ames, Iowa, USA. We use particle swarm optimization feature selection to address the dataset dimensionality issues for both classification-based models and regression-based models. With dimension reduction, the experimental results demonstrate that the house price prediction accuracy increased from 81.4% to 84.4% for classification-based models, and the price prediction error decreased from 13.3% to 6.9% for regression-based models. The experimental results demonstrate that there is a substantial difference between using and not using feature selection in terms of the performance in predicting housing prices. The main benefit of applying feature selection is that it facilitates the selection of the more relevant and correlated features to prevent overfitting of the model with too many irrelevant features. © 2022 Elsevier B.V., All rights reserved.","Classification algorithms; hedonic house pricing model; house price prediction; particle swarm optimization feature selection; regression algorithms","Classification (of information); Costs; Feature extraction; Forecasting; Houses; Learning algorithms; Machine learning; Classification algorithm; Features selection; Hedonic house pricing model; House price prediction; House's prices; Optimization features; Particle swarm optimization feature selection; Price prediction; Pricing models; Regression algorithms; Particle swarm optimization (PSO)","Saba, T.; Jamail, N.S.; Latif, R.; Khan, R.","English","Conference paper","Final","","Scopus","2-s2.0-85130093445"
"Elreedy, D.; Atiya, A.F.; Shaheen, S.I.","Elreedy, Dina A. (57201746177); Atiya, Amir F. (7004005716); Shaheen, S. I. (7005833480)","57201746177; 7004005716; 7005833480","Novel pricing strategies for revenue maximization and demand learning using an exploration–exploitation framework","2021","Soft Computing","25","17","","11711","11733","0","10","10.1007/s00500-021-06047-y","https://www.scopus.com/inward/record.uri?eid=2-s2.0-85111108046&doi=10.1007%2Fs00500-021-06047-y&partnerID=40&md5=6c116ee4388558e0ac728736889361c5","The price demand relation is a fundamental concept that models how price affects the sale of a product. It is critical to have an accurate estimate of its parameters, as it will impact the company’s revenue. The learning has to be performed very efficiently using a small window of a few test points, because of the rapid changes in price demand parameters due to seasonality and fluctuations. However, there are conflicting goals when seeking the two objectives of revenue maximization and demand learning, known as the learn/earn trade-off. This is akin to the exploration/exploitation trade-off that we encounter in machine learning and optimization algorithms. In this paper, we consider the problem of price demand function estimation, taking into account its exploration–exploitation characteristic. We design a new objective function that combines both aspects. This objective function is essentially the revenue minus a term that measures the error in parameter estimates. Recursive algorithms that optimize this objective function are derived. The proposed method outperforms other existing approaches. © 2021 Elsevier B.V., All rights reserved.","Demand learning; Dynamic pricing; Exploration–exploitation trade-off; Price experimentation; Revenue management; Sequential decision problems","Costs; Economic and social effects; Economics; Functions; Exploration/exploitation; Fundamental concepts; Objective functions; Optimization algorithms; Parameter estimate; Pricing strategy; Recursive algorithms; Revenue maximization; Machine learning","","English","Article","Final","All Open Access; Bronze Open Access; Green Final Open Access; Green Open Access","Scopus","2-s2.0-85111108046"
"Colias, J.V.; Park, S.; Horn, E.","Colias, John V. (57224409354); Park, Stella (57224407369); Horn, Elizabeth (57224407060)","57224409354; 57224407369; 57224407060","Optimizing B2B product offers with machine learning, mixed logit, and nonlinear programming","2021","Journal of Marketing Analytics","9","3","","157","172","0","5","10.1057/s41270-021-00113-y","https://www.scopus.com/inward/record.uri?eid=2-s2.0-85107508713&doi=10.1057%2Fs41270-021-00113-y&partnerID=40&md5=04d0ffef23d1d5aae3add68c4c67a815","In B2B markets, value-based pricing and selling has become an important alternative to discounting. This study outlines a modeling method that uses customer data (product offers made to each current or potential customer, features, discounts, and customer purchase decisions) to estimate a mixed logit choice model. The model is estimated via hierarchical Bayes and machine learning, delivering customer-level parameter estimates. Customer-level estimates are input into a nonlinear programming next-offer maximization problem to select optimal features and discount level for customer segments, where segments are based on loyalty and discount elasticity. The mixed logit model is integrated with economic theory (the random utility model), and it predicts both customer perceived value for and response to alternative future sales offers. The methodology can be implemented to support value-based pricing and selling efforts. Contributions to the literature include: (a) the use of customer-level parameter estimates from a mixed logit model, delivered via a hierarchical Bayes estimation procedure, to support value-based pricing decisions; (b) validation that mixed logit customer-level modeling can deliver strong predictive accuracy, not as high as random forest but comparing favorably; and (c) a nonlinear programming problem that uses customer-level mixed logit estimates to select optimal features and discounts. © 2021 Elsevier B.V., All rights reserved.","B2B; Machine learning; Mixed logit; Nonlinear programming; Sales data","","","English","Article","Final","All Open Access; Green Accepted Open Access; Green Open Access","Scopus","2-s2.0-85107508713"
"Hua, J.; Yan, L.; Xu, H.; Yang, C.","Hua, Junhao (57188686663); Yan, Ling (57210634474); Xu, Huan (55430229800); Yang, Cheng (58599655400)","57188686663; 57210634474; 55430229800; 58599655400","Markdowns in E-Commerce Fresh Retail: A Counterfactual Prediction and Multi-Period Optimization Approach","2021","","","","","3022","3031","0","13","10.1145/3447548.3467083","https://www.scopus.com/inward/record.uri?eid=2-s2.0-85114916731&doi=10.1145%2F3447548.3467083&partnerID=40&md5=d9dbccddf9c86e11bea4eb237c8cca2a","While markdowns in retail have been studied for decades in traditional business, nowadays e-commerce fresh retail brings much more challenges. Due to the limited shelf life of perishable products and the limited opportunity of price changes, it is difficult to predict sales of a product at a counterfactual price, and therefore it is hard to determine the optimal discount price to control inventory and to maximize future revenue. Traditional machine learning-based methods have high predictability but they can not reveal the relationship between sales and price properly. Traditional economic models have high interpretability but their prediction accuracy is low. In this paper, by leveraging abundant observational transaction data, we propose a novel data-driven and interpretable pricing approach for markdowns, consisting of counterfactual prediction and multi-period price optimization. Firstly, we build a semi-parametric structural model to learn individual price elasticity and predict counterfactual demand. This semi-parametric model takes advantage of both the predictability of nonparametric machine learning model and the interpretability of economic model. Secondly, we propose a multi-period dynamic pricing algorithm to maximize the overall profit of a perishable product over its finite selling horizon. Different with the traditional approaches that use the deterministic demand, we model the uncertainty of counterfactual demand since it inevitably has randomness in the prediction process. Based on the stochastic model, we derive a sequential pricing strategy by Markov decision process, and design a two-stage algorithm to solve it. The proposed algorithm is very efficient. It reduces the time complexity from exponential to polynomial. Experimental results show the advantages of our pricing algorithm, and the proposed framework has been successfully deployed to the well-known e-commerce fresh retail scenario - Freshippo. © 2021 Elsevier B.V., All rights reserved.","counterfactual prediction; demand learning; dynamic pricing; multi-period optimization; online marketing","Costs; Data mining; Electronic commerce; Forecasting; Machine learning; Markov processes; Sales; Stochastic control systems; Stochastic systems; Deterministic demand; Machine learning models; Markov Decision Processes; Optimization approach; Prediction accuracy; Semi-parametric modeling; Traditional approaches; Two-stage algorithm; Stochastic models","","English","Conference paper","Final","","Scopus","2-s2.0-85114916731"
"Kelesakis, D.; Vavliakis, K.N.; Symeonidis, A.L.","Kelesakis, Dimitrios (57392332500); Vavliakis, Konstantinos N. (24491120700); Symeonidis, Andreas L. (7004087388)","57392332500; 24491120700; 7004087388","Personalized Dynamic Pricing with RFM Modeling","2021","ACM International Conference Proceeding Series","","","","35","41","0","0","10.1145/3477282.3477283","https://www.scopus.com/inward/record.uri?eid=2-s2.0-85122011711&doi=10.1145%2F3477282.3477283&partnerID=40&md5=6e2bb5b5e81b8080e01d5d1e1962817b","Dynamic pricing primitives from the airline and hotel industry have lately shifted to the wider electronic retail industry, however there is still a lack of ready to use frameworks for applying or testing dynamic pricing policies in online e-commerce stores. This has practically generated limitations in the way dynamic pricing can be applied in real-life. This paper introduces a new dynamic pricing model that uses an extended version of the RFM model to calculate a personal price for each product sold online. Moreover, our work introduces an open-source simulation framework that allows testing and validation or different dynamic pricing policies. According to our evaluation, the proposed methodology achieved 54.33% increase in net profits when compared with nine other merchants following a fixed pricing policy and 16.13% increase when compared with the derivative-following pricing strategy. © 2021 Elsevier B.V., All rights reserved.","Dynamic Pricing; e-commerce; neural network; RFM","Costs; Retail stores; Airline industry; Dynamic pricing; Dynamic pricing models; Dynamic pricing policies; E- commerces; Hotel industry; Neural-networks; Ready to use; Retail industry; RFM; Electronic commerce","","English","Conference paper","Final","","Scopus","2-s2.0-85122011711"
"Moawad, A.; Islam, E.; Kim, N.; Vijayagopal, R.; Rousseau, A.; Wu, W.B.","Moawad, Ayman (37079423500); Islam, Ehsan Sabri (57193433998); Kim, Namdoo (43861381700); Vijayagopal, Ram (41262469500); Rousseau, Aymeric P. (13604921100); Wu, Weibiao (7407079428)","37079423500; 57193433998; 43861381700; 41262469500; 13604921100; 7407079428","Explainable AI for a No-Teardown Vehicle Component Cost Estimation: A Top-Down Approach","2021","IEEE Transactions on Artificial Intelligence","2","2","","185","199","0","7","10.1109/TAI.2021.3065011","https://www.scopus.com/inward/record.uri?eid=2-s2.0-85118646227&doi=10.1109%2FTAI.2021.3065011&partnerID=40&md5=28280f68ada77ad6837ecf1122e38c0c","The broader ambition of this article is to popularize an approach for the fair distribution of the quantity of a system’s output to its subsystems while allowing for underlying complex subsystem level interactions. Particularly, we present the use of this framework on a very specific (but generalizable) application, interesting for a more general AI audience. We detail a data-driven approach to vehicle price modeling and its component price estimation by leveraging a combination of concepts from machine learning and game theory. We show an alternative to common teardown methodologies and surveying approaches for component and vehicle price estimation at the manufacturer’s suggested retail price (MSRP) level that has the advantage of bypassing uncertainties involved in gathering teardown data, the need to perform expensive and biased surveying, and the need to perform retail price equivalent or indirect cost multiplier adjustments to mark up direct manufacturing costs to MSRP. This novel exercise not only provides accurate pricing of the technologies at the customer level, but also shows the, a priori known, large gaps in pricing strategies between manufacturers, vehicle classes, market segments, etc. There is also clear interaction between the price of technologies and other specifications present in vehicles. Those results are indication that old methods of manufacturer-level component costing, aggregation, and application of flat and rigid adjustment factors should be carefully examined. The findings are based on a database developed by Argonne, which includes over 64 000 vehicles covering MY1990 to MY2020 with hundreds of vehicle specs. Impact Statement—The U.S. Department of Energy’s (DOE’s) Vehicle Technologies Office aims to develop sustainable, affordable, and efficient technologies for transportation of goods and people. Translating investments in advanced transportation technologies and powertrains to estimate vehicle-level fuel and cost savings potential is critical for understanding DOE’s impact. Because of the large number of advanced vehicle and powertrain technologies, researchers and automotive manufacturers have been relying on system simulation to quantify the impact of new technologies. The rapid evolution and introduction of technologies necessitate models and costs to be continuously updated. We explore a potential novel approach to update the current pricing methodologies to support future techno-economic analysis using a data-driven interpretable machine learning approach. Using an unusual top-down approach for vehicle and component pricing—from vehicle retail price estimation using machine learning techniques down to component price attributional effects on MSRP—by leveraging game theory concepts of coalition and cooperation. © 2022 Elsevier B.V., All rights reserved.","Catboost; component pricing; explainable AI; interpretable machine learning; shapley values; vehicle price (MSRP)","Cost benefit analysis; Cost estimating; Economic analysis; Engineering education; Investments; Machine learning; Powertrains; Sales; Surveys; Vehicle transmissions; Catboost; Component pricing; Explainable AI; Interpretable machine learning; Machine-learning; Price estimation; Retail price; Shapley value; Top down approaches; Vehicle price (manufacturer’s suggested retail price); Game theory","","English","Article","Final","All Open Access; Green Accepted Open Access; Green Open Access","Scopus","2-s2.0-85118646227"
"Burman, V.; Vashishtha, R.K.; Sethuraman, S.; Radhakrishnan, G.; Ganesan, P.; Kumar V, S.; Ramanan, S.","Burman, Vibhati (57219764969); Vashishtha, Rajesh Kumar (57219758585); Sethuraman, Srividhya (57219768309); Radhakrishnan, Ganesh (57467906200); Ganesan, Prashanth (57468370300); Kumar V, Suresh (57468218700); Ramanan, Sharadha (57219763853)","57219764969; 57219758585; 57219768309; 57467906200; 57468370300; 57468218700; 57219763853","Markdown Pricing For a Large Scale Retailer","2021","","","","","1817","1826","0","3","10.1109/BigData52589.2021.9671641","https://www.scopus.com/inward/record.uri?eid=2-s2.0-85125338975&doi=10.1109%2FBigData52589.2021.9671641&partnerID=40&md5=aa9808cc68190a3d6f5109e356ab3ae5","A large European-based international discount store chain retailer, operating in more than 1000 stores across countries, wanted to make a transition from traditional cost-based markdown pricing to an optimal markdown pricing that maximizes the overall revenue as well as clears the inventory. Their regular pricing strategy was to price lowest among all their competitors since they are a discount store chain. Their markdown pricing problem is both critical and complex because there are many requirements to be satisfied, albeit simultaneously. The overall revenue had to be maximized as well as the given percentage of inventory was to be cleared by the end of the markdown period. Also, inventory had to remain in the stores till the end of the season so that the footfalls do not decrease and the markdown pricing was to be at the item group level for interrelated items. We developed a novel markdown solution by utilizing the retailers' historical markdown performance data to come up with the markdown price estimates. Our approach was to obtain initial markdown price estimates for each item, apply ML/DL algorithms to forecast sales, compute price elasticities and build a nonlinear markdown price optimization system to recommend optimal prices. In this paper, we give the details and results for one category - the Clothing category. We did back testing for multiple periods to compare our sales forecasting model outputs using initial price, with their actuals. We have employed a distributed computing and parallel execution framework in cloud to obtain optimal markdown prices for products in the clearance season. Our final recommended price was greater by around 20% than the actual markdown prices for most items and this led to around 6% decrease in sales units while satisfying their inventory constraints. Our optimal pricing solution resulted in 10% increase in revenue for Clothing as compared to their actuals. Our markdown solution was later scaled to other categories as well as to stores in other countries. © 2022 Elsevier B.V., All rights reserved.","Big Data; Clothing; Deep learning; Demand Forecast; Discount store chain; Large scale retailer; Machine Learning; Markdown pricing; Non-linear optimization","Big data; Cost estimating; Deep learning; Economics; Forecasting; Nonlinear programming; Clothing; Demand forecast; Discount store chain; Large scale retailer; Large-scales; Machine-learning; Markdown pricing; Non-linear optimization; Store chain; Sales","Chen, Y.; Ludwig, H.; Tu, Y.; Fayyad, U.; Zhu, X.; Hu, X.T.; Byna, S.; Liu, X.; Zhang, J.; Pan, S.; Papalexakis, V.; Wang, J.; Cuzzocrea, A.; Ordonez, C.","English","Conference paper","Final","","Scopus","2-s2.0-85125338975"
"Romano, G.; Tartaglia, G.; Marchesi, A.; Gatti, N.","Romano, Giulia (57212557501); Tartaglia, Gianluca Martino (7003489156); Marchesi, Alberto (57195559882); Gatti, Nicola (6602167825)","57212557501; 7003489156; 57195559882; 6602167825","Online Posted Pricing with Unknown Time-Discounted Valuations","2021","","6B","","","5682","5689","0","7","10.1609/aaai.v35i6.16713","https://www.scopus.com/inward/record.uri?eid=2-s2.0-85119128330&doi=10.1609%2Faaai.v35i6.16713&partnerID=40&md5=73a3df59d4e87fc8c402ada4bc6cccdf","We study the problem of designing posted-price mechanisms in order to sell a single unit of a single item within a finite period of time. Motivated by real-world problems, such as, e.g., long-term rental of rooms and apartments, we assume that customers arrive online according to a Poisson process, and their valuations are drawn from an unknown distribution and discounted over time. We evaluate our mechanisms in terms of competitive ratio, measuring the worst-case ratio between their revenue and that of an optimal mechanism that knows the distribution of valuations. First, we focus on the identical valuation setting, where all the customers value the item for the same amount. In this setting, we provide a mechanism MC that achieves the best possible competitive ratio, discussing its dependency on the parameters in the case of linear discount. Then, we switch to the random valuation setting. We show that, if we restrict the attention to distributions of valuations with a monotone hazard rate, then the competitive ratio of MC is lower bounded by a strictly positive constant that does not depend on the distribution. Moreover, we provide another mechanism, called MPC, which is defined by a piecewise constant pricing strategy and reaches performances comparable to those obtained with MC. This mechanism is useful when the seller cannot change the posted price too often. Finally, we empirically evaluate the performances of our mechanisms in a number of experimental settings. © 2024 Elsevier B.V., All rights reserved.","","Artificial intelligence; Costs; Economics; Poisson distribution; A-monotone; Competitive ratio; Customer values; Hazard rates; Optimal mechanism; Performance; Poisson process; Positive constant; Price mechanism; Real-world problem; Sales","","English","Conference paper","Final","All Open Access; Gold Open Access; Green Accepted Open Access; Green Open Access","Scopus","2-s2.0-85119128330"
"Zhao, X.; Lu, T.; Dai, Y.","Zhao, Xuemei (57224881076); Lu, Ting (57221689369); Dai, Yonghui (36805666600)","57224881076; 57221689369; 36805666600","Individual Driver Crash Risk Classification Based on IoV Data and Offline Consumer Behavior Data","2021","Mobile Information Systems","2021","","6784026","","","0","4","10.1155/2021/6784026","https://www.scopus.com/inward/record.uri?eid=2-s2.0-85108458483&doi=10.1155%2F2021%2F6784026&partnerID=40&md5=887f23e7ecb299f4c8d949342dc68655","With the development of big data technologies, usage-based insurance (UBI) has received considerable attention from insurance companies. UBI products focus on identifying the relationship between the individual driver's risk and online channel behavior variables from Internet of Vehicles (IoV) data. Although omnichannel information integration has promoted the development of many industries, it has not been used to improve the accuracy of driver risk classification models in insurance industries. This paper investigates the role of combining different channel variables in improving the classification of driver's risk. Specifically, several models, including logistic regression and three different data mining techniques (neural networks, random forests, and support vector machines), augmented with driving behavior data based on the IoV and offline consumer behavior data collected from 4S (Sale, Spare part, Service, Survey) dealers, are applied to the classification model of risk. The empirical results show that the inclusion of online and offline channel data improves the different risk assessments; results also demonstrate the importance of offline consumer behavior variables in different models. These insights have important implications for insurance companies on UBI pricing strategy and cost management. © 2021 Elsevier B.V., All rights reserved.","","Classification (of information); Costs; Data mining; Decision trees; Electronic assessment; Insurance; Logistic regression; Risk assessment; Support vector machines; Support vector regression; Vehicle to vehicle communications; Classification models; Data technologies; Driving behavior; Information integration; Insurance companies; Insurance industry; Pricing strategy; Risk classification; Consumer behavior","","English","Article","Final","All Open Access; Green Accepted Open Access; Green Open Access; Hybrid Gold Open Access","Scopus","2-s2.0-85108458483"
"Yin, C.; Han, J.","Yin, Chunli (57223102004); Han, Jinglong (57223102526)","57223102004; 57223102526","Dynamic pricing model of E-commerce platforms based on deep reinforcement learning","2021","CMES - Computer Modeling in Engineering and Sciences","127","1","","291","307","0","30","10.32604/cmes.2021.014347","https://www.scopus.com/inward/record.uri?eid=2-s2.0-85104889751&doi=10.32604%2Fcmes.2021.014347&partnerID=40&md5=714a618367d13c3811d43118dc0b0058","With the continuous development of artificial intelligence technology, its application field has gradually expanded. To further apply the deep reinforcement learning technology to the field of dynamic pricing, we build an intelligent dynamic pricing system, introduce the reinforcement learning technology related to dynamic pricing, and introduce existing research on the number of suppliers (single supplier and multiple suppliers), environmental models, and selection algorithms. A two-period dynamic pricing game model is designed to assess the optimal pricing strategy for e-commerce platforms under two market conditions and two consumer participation conditions. The first step is to analyze the pricing strategies of e-commerce platforms in mature markets, analyze the optimal pricing and profits of various enterprises under different strategy combinations, compare different market equilibriums and solve the Nash equilibrium. Then, assuming that all consumers are naive in the market, the pricing strategy of the duopoly e-commerce platform in emerging markets is analyzed. By comparing and analyzing the optimal pricing and total profit of each enterprise under different strategy combinations, the subgame refined Nash equilibrium is solved. Finally, assuming that the market includes all experienced consumers, the pricing strategy of the duopoly e-commerce platform in emerging markets is analyzed. © 2021 Elsevier B.V., All rights reserved.","Deep reinforcement learning; Dynamic evaluation; E-commerce platform; Game model; Pricing strategy","Competition; Costs; Electronic commerce; Engineering education; Environmental technology; Game theory; Learning systems; Profitability; Reinforcement learning; Artificial intelligence technologies; Consumer participation; Continuous development; Dynamic pricing models; Environmental model; Market condition; Market equilibrium; Selection algorithm; Deep learning","","English","Article","Final","All Open Access; Gold Open Access","Scopus","2-s2.0-85104889751"
"Hwang, H.-K.; Yoon, A.-Y.; Kang, H.-K.; Moon, S.-I.","Hwang, Hyunkyeong (57221420114); Yoon, Ahyun (57204921854); Kang, Hyun-koo (35728561400); Moon, Seungil Ill L. (56021162800)","57221420114; 57204921854; 35728561400; 56021162800","Retail Electricity Pricing Strategy via an Artificial Neural Network-Based Demand Response Model of an Energy Storage System","2021","IEEE Access","9","","9310260","13440","13450","0","18","10.1109/ACCESS.2020.3048048","https://www.scopus.com/inward/record.uri?eid=2-s2.0-85099096809&doi=10.1109%2FACCESS.2020.3048048&partnerID=40&md5=137bda375cdfc873141a98279192e4ee","The distribution company (DISCO) determines optimal retail prices to operate the distribution network efficiently while promoting demand response (DR) programs. In addition, an energy storage system (ESS), which improves peak load management, is widely used for price-based DR. This paper proposes an electricity retail pricing strategy that considers the optimal operation of an ESS using a machine learning algorithm. An artificial neural network (ANN) is used to develop a practical model of the DR scheduling of an ESS. This model is trained using historical data that include the electricity price and the corresponding optimal demand obtained from the building energy management system. The proposed model is replicated using mathematical equations and directly integrated into the constraints of the retail pricing optimization problem of the distribution management system. The proposed ANN-based DR model of the ESS allows the development of an optimal pricing strategy with a single-level structure while reflecting the decision-making process of both the DISCO and the building operator. The proposed ANN-based DR model is verified through case studies, which prove that the model successfully expresses the price-optimal demand function and has high practical applicability. The results of the retail pricing demonstrate that the proposed strategy can accurately determine the balancing points while reducing the peak load. © 2021 Elsevier B.V., All rights reserved.","ANN-based DR model; Artificial neural network; demand response; energy storage system; peak reduction; retail pricing strategy","Balancing; Costs; Decision making; Digital storage; Electric energy storage; Energy management systems; Functions; Information management; Learning algorithms; Machine learning; Power markets; Sales; Turing machines; Building energy management systems; Decision making process; Demand response programs; Distribution companies; Distribution management systems; Energy storage systems; Mathematical equations; Retail electricity pricing; Neural networks","","English","Article","Final","All Open Access; Gold Open Access","Scopus","2-s2.0-85099096809"
"Nowak, A.D.; Price, B.S.; Smith, P.S.","Nowak, Adam D. (57189728717); Price, Bradley S. (56684389800); Smith, Patrick S. (57191581679)","57189728717; 56684389800; 57191581679","Real Estate Dictionaries Across Space and Time","2021","Journal of Real Estate Finance and Economics","62","1","","139","163","0","15","10.1007/s11146-019-09740-w","https://www.scopus.com/inward/record.uri?eid=2-s2.0-85077092451&doi=10.1007%2Fs11146-019-09740-w&partnerID=40&md5=a7befb243c4b97137a79c38c145f5151","Leveraging high-dimensional variable selection methods, we show the textual information provided in real estate agents’ remarks about a property can be used to address spatial and temporal heterogeneity in housing markets. Including the textual information in the pricing model decreases in-sample prediction errors by as much as 18.7% at the MSA-level and 39.1% at the zip code level. These results are robust to transforming the raw text using a real estate specific word list, the choice of n-grams, word stemming, and heteroscedasticity in the hedonic and repeat-sales models. These findings suggest the raw text in the remarks can be included directly in predictive pricing models. © 2020 Elsevier B.V., All rights reserved.","House prices; Machine learning; Real estate dictionary; Textual analysis","","","English","Article","Final","","Scopus","2-s2.0-85077092451"
"Haliem, M.; Mani, G.; Aggarwal, V.; Bhargava, B.","Haliem, Marina (57220189919); Mani, Ganapathy S. (7006068017); Aggarwal, Vaneet (24066547400); Bhargava, Bharat K. (7103137823)","57220189919; 7006068017; 24066547400; 7103137823","A Distributed Model-Free Ride-Sharing Algorithm with Pricing using Deep Reinforcement Learning","2020","","","","3430484","","","0","14","10.1145/3385958.3430484","https://www.scopus.com/inward/record.uri?eid=2-s2.0-85098163622&doi=10.1145%2F3385958.3430484&partnerID=40&md5=e4c92374bc49a58e6db8edc392149e16","Modern-day ride-sharing platforms leave out drivers and customers in the decision-making process of the rides in terms of vehicle-customer matching as well as pricing. We propose a model-free Distributed Pricing-based Ride-sharing with pooling (DPRS) framework with reinforcement utility functions for both customers and drivers. The framework allows (1) drivers to choose their convenient ride based on the expected reward for this ride as well as the destination locations for future rides influenced by the supply-demand computed by the Deep Q-network, (2) customers to accept or reject rides based on their preferred pricing window, timing preferences, type of the vehicle, and convenient number of people to car pool with, (3) customer to be added to the ride queue if she/he rejects the price initiated by the driver, and (4) Influencing vehicle-passenger matching and dispatching based on prices through reinforcement learning (RL). Through our simulation of multi-Agent ride-sharing with pooling platform, we show that performance of the platform significantly improved in terms of accept rate, profits of both the customers and drivers, and reduction of travel distance as well as idle time in between rides for drivers with similar profits, when compared to the state of the art ride-sharing settings that don't consider pricing strategies or potential hotspot locations. © 2020 Elsevier B.V., All rights reserved.","Car Pooling; Deep Reinforcement Learning; Intelligent Transporartion; Mobility on Demand; Multi-Agent; Neural Networks","Behavioral research; Costs; Decision making; Multi agent systems; Profitability; Reinforcement learning; Sales; Vehicles; Decision making process; Destination location; Distributed modeling; Number of peoples; Pricing strategy; State of the art; Travel distance; Utility functions; Deep learning","Spencer, S.N.","English","Conference paper","Final","","Scopus","2-s2.0-85098163622"
"Branda, F.; Marozzo, F.; Talia, D.","Branda, Francesco (57220583145); Marozzo, Fabrizio (37097646500); Talia, Domenico (7003506943)","57220583145; 37097646500; 7003506943","Ticket sales prediction and dynamic pricing strategies in public transport","2020","Big Data and Cognitive Computing","4","4","36","1","17","0","28","10.3390/bdcc4040036","https://www.scopus.com/inward/record.uri?eid=2-s2.0-85097422671&doi=10.3390%2Fbdcc4040036&partnerID=40&md5=52ffb7d73d3e20ec62e25c827f99db08","In recent years, the demand for collective mobility services registered significant growth. In particular, the long-distance coach market underwent an important change in Europe, since FlixBus adopted a dynamic pricing strategy, providing low-cost transport services and an efficient and fast information system. This paper presents a methodology, called DA4PT (Data Analytics for Public Transport), for discovering the factors that influence travelers in booking and purchasing bus tickets. Starting from a set of 3.23 million user-generated event logs of a bus ticketing platform, the methodology shows the correlation rules between booking factors and purchase of tickets. Such rules are then used to train machine learning models for predicting whether a user will buy or not a ticket. The rules are also used to define various dynamic pricing strategies with the purpose of increasing the number of tickets sales on the platform and the related amount of revenues. The methodology reaches an accuracy of 95% in forecasting the purchase of a ticket and a low variance in results. Exploiting a dynamic pricing strategy, DA4PT is able to increase the number of purchased tickets by 6% and the total revenue by 9% by showing the effectiveness of the proposed approach. © 2022 Elsevier B.V., All rights reserved.","Bus; Data Analytics; Dynamic pricing; Machine learning; Pricing policy; Public Transport; Ticketing platform","Buses; Costs; Forecasting; Machine learning; Purchasing; Sales; Data analytics; Dynamic pricing; Low-costs; Machine-learning; Mobility service; Pricing policy; Pricing strategy; Public transport; Sale predictions; Ticketing platform; Data Analytics","","English","Article","Final","All Open Access; Gold Open Access; Green Accepted Open Access; Green Open Access","Scopus","2-s2.0-85097422671"
"Baray, J.; Pelé, M.","Baray, Jérôme (16240806400); Pelé, Martine (57216349362)","16240806400; 57216349362","A new geographical pricing model within the principle of geomarketing-mix","2020","Recherche et Applications en Marketing","35","3","","29","51","0","5","10.1177/2051570720906077","https://www.scopus.com/inward/record.uri?eid=2-s2.0-85083232059&doi=10.1177%2F2051570720906077&partnerID=40&md5=f1c47b3877d7bd41a39e2dadfe30bfff","This article introduces a new model which aims at spatially optimizing the price of a product or service by considering supply and demand features, including their geographical location. Introducing the concept of a geomarketing-mix, factorial analysis and fuzzy clustering can be employed to automatically detect business and strategic opportunities. The method is applied to the French secondhand car market. By so doing, it is possible, first, to identify geographic areas that are typical of a certain supply and, second, to specify the optimal prices and types of vehicles for sale in these areas in view of a given marketing strategy. © 2020 Elsevier B.V., All rights reserved.","algorithm pricing; artificial intelligence; big data in marketing; geomarketing-mix; geopricing; morphological analysis; optimized location models; pricing strategy; spatial clustering","","","English","Article","Final","","Scopus","2-s2.0-85083232059"
"Zhang, X.; Zhou, R.; Lui, J.C.S.; Li, Z.","Zhang, Xueying (57218711356); Zhou, Ruiting (54682522700); Lui, John Chi Shing (7007064465); Li, Zongpeng (55666266700)","57218711356; 54682522700; 7007064465; 55666266700","Dynamic Pricing and Placement for Distributed Machine Learning Jobs","2020","","","","9160463","152","160","0","3","10.1109/BigCom51056.2020.00029","https://www.scopus.com/inward/record.uri?eid=2-s2.0-85090150735&doi=10.1109%2FBigCom51056.2020.00029&partnerID=40&md5=aabfeb30bbe638574bab2e058c12181b","Nowadays distributed machine learning (ML) jobs usually adopt a parameter server (PS) framework to train models over large-scale datasets. Such ML job deploys hundreds of concurrent workers, and model parameter updates are exchanged frequently between workers and PSs. Current practice is that workers and PSs may be placed on different physical servers, bringing uncertainty in jobs' runtime. Also, existing cloud pricing policy often charges a fixed price according to the job's runtime. Although this pricing strategy is simple to implement, such pricing mechanism is not suitable for distributed ML jobs whose runtime is stochastic and can only be estimated according to its placement after job admission. To supplement existing cloud pricing schemes, we design a dynamic pricing and placement algorithm, DPS, for distributed ML jobs. DPS aims to maximize cloud provider's profit, which dynamically calculates unit resource price upon a job's arrival, and determines job's placement to minimize its runtime if offered price is accepted to users. Our design exploits the multi-armed bandit (MAB) technique to learn unknown information based on past sales. DPS balances the exploration and exploitation stage, and selects the best price based on the reward which is related to job runtime. Our learning-based algorithm increases the provider's profit, and achieves a sub-linear regret with both the time horizon and the total job number, compared to benchmark pricing schemes. Extensive evaluations also validates the efficacy of DPS. © 2020 Elsevier B.V., All rights reserved.","","Costs; Large dataset; Machine learning; Profitability; Stochastic systems; Current practices; Distributed machine learning; Exploration and exploitation; Large-scale datasets; Learning-based algorithms; Multi armed bandit; Placement algorithm; Provider's profits; Learning algorithms","","English","Conference paper","Final","","Scopus","2-s2.0-85090150735"
"Du, Y.; Li, F.","Du, Yan (56525718400); Li, Fangxing Fran (35242811000)","56525718400; 35242811000","Intelligent Multi-Microgrid Energy Management Based on Deep Neural Network and Model-Free Reinforcement Learning","2020","IEEE Transactions on Smart Grid","11","2","8769895","1066","1076","0","346","10.1109/TSG.2019.2930299","https://www.scopus.com/inward/record.uri?eid=2-s2.0-85079789661&doi=10.1109%2FTSG.2019.2930299&partnerID=40&md5=36fd0f5c9c3872d7927377be9a2186ee","In this paper, an intelligent multi-microgrid (MMG) energy management method is proposed based on deep neural network (DNN) and model-free reinforcement learning (RL) techniques. In the studied problem, multiple microgrids are connected to a main distribution system and they purchase power from the distribution system to maintain local consumption. From the perspective of the distribution system operator (DSO), the target is to decrease the demand-side peak-to-average ratio (PAR), and to maximize the profit from selling energy. To protect user privacy, DSO learns the MMG response by implementing a DNN without direct access to user's information. Further, the DSO selects its retail pricing strategy via a Monte Carlo method from RL, which optimizes the decision based on prediction. The simulation results from the proposed data-driven deep learning method, as well as comparisons with conventional model-based methods, substantiate the effectiveness of the proposed approach in solving power system problems with partial or uncertain information. © 2020 Elsevier B.V., All rights reserved.","Deep neural network (DNN); Monte Carlo method; multi-microgrid; peak-to-average ratio (PAR); reinforcement learning","Deep neural networks; Energy management; Learning systems; Microgrids; Monte Carlo methods; Reinforcement learning; Sales; Conventional modeling; Decision-based; Distribution systems; Learning methods; Micro grid; Peak to average ratios; Reinforcement learning techniques; Uncertain informations; Deep learning","","English","Article","Final","","Scopus","2-s2.0-85079789661"
"Greenstein-Messica, A.; Rokach, L.","Greenstein-Messica, Asnat (19534919200); Rokach, Lior (9276243500)","19534919200; 9276243500","Machine learning and operation research based method for promotion optimization of products with no price elasticity history","2020","Electronic Commerce Research and Applications","40","","100914","","","0","14","10.1016/j.elerap.2019.100914","https://www.scopus.com/inward/record.uri?eid=2-s2.0-85077502172&doi=10.1016%2Fj.elerap.2019.100914&partnerID=40&md5=c02a649eb278107b7855b800a6e5091a","Many leading e-commerce retailers adopt a consistent pricing strategy to build customer trust and promote just a small portion of their catalog each week. Promotion optimization for consistent pricing retailers is a challenging problem, as they need to decide which products to promote, with no historical price elasticity information for the candidate products. In this paper, we introduce a novel approach for predicting product price elasticity impact for e-commerce retailers who use a consistent pricing strategy. We combine the commonly used operation research-based log–log demand model with the nonlinear gradient boosting machines algorithm to predict the price elasticity impact of products with no historical price elasticity information. A pessimistic prediction interval measure is used to accelerate the learning period and reduce the probability of selecting low impact promotions due to high model prediction uncertainty. We demonstrate the effectiveness of our approach on a real-world dataset collected from an online European department store. © 2020 Elsevier B.V., All rights reserved.","Decision making; Online stores; Promotion optimization","Behavioral research; Costs; Decision making; Electronic commerce; Forecasting; Machine learning; Sales; Demand modeling; Gradient boosting; Model prediction; Online store; Operation research; Prediction interval; Price elasticity; Pricing strategy; Elasticity","","English","Article","Final","","Scopus","2-s2.0-85077502172"
"Pavlyshenko, B.M.","Pavlyshenko, Bohdan M. (8521299600)","8521299600","SALES TIME SERIES ANALYTICS USING DEEP Q-LEARNING","2020","International Journal of Computing","19","3","","434","441","0","3","10.47839/IJC.19.3.1892","https://www.scopus.com/inward/record.uri?eid=2-s2.0-85102530532&doi=10.47839%2FIJC.19.3.1892&partnerID=40&md5=582e20178c30366aa11799ceb524cf9c","The article describes the use of deep Q-learning models in the problems of sales time series analytics. In contrast to supervised machine learning, which is a kind of passive learning, where historical data are used, Q- learning is a kind of active learning aimed at maximizing a reward by optimal sequence of actions. Model free Q-learning approach to optimal pricing strategies and supply-demand problems is considered in the work. The main idea of the study is to show that using deep Q-learning approach in time series analytics causes the sequence of actions to be optimized by maximizing the reward function when the environment for learning agent interaction can be modeled using the parametric model and in the case of using the model which is based on the historical data. In the pricing optimizing case study environment was modeled using sales dependence on extras price and randomly simulated demand. In the pricing optimizing case study, the environment was modeled using sales dependence on extra price and randomly simulated demand. In the supply-demand case study, it was proposed to use historical demand time series for environment modeling, agent states were represented by promo actions, previous demand values and weekly seasonality features. Obtained results show that using deep Q-learning, we can optimize the decision making process for price optimization and supply-demand problems. Environment modeling using parametric models and historical data can be used for the cold start of learning agent. On the next steps, after the cold start, the trained agent can be used in real business environment. © 2021 Elsevier B.V., All rights reserved.","deep Q-learning; Machine Learning; Reinforcement Learning; Sales; Time Series","","","English","Article","Final","All Open Access; Gold Open Access","Scopus","2-s2.0-85102530532"
"Becker, J.; Muller, K.; Cordes, A.-K.; Hartmann, P.; von Lojewski, L.","Becker, Jörg (7403712750); Muller, Kilian (57219692938); Cordes, Ann Kristin (55810728900); Hartmann, Patrick (57222147240); von Lojewski, Lasse (57222157484)","7403712750; 57219692938; 55810728900; 57222147240; 57222157484","Development of a conceptual framework for machine learning applications in brick-and-mortar stores","2020","","","","","","","0","2","10.30844/wi_2020_c2","https://www.scopus.com/inward/record.uri?eid=2-s2.0-85101693808&doi=10.30844%2Fwi_2020_c2&partnerID=40&md5=bae895b75a07b80f7ed84fa25c8bc18d","The growing prevalence and impact of e-commerce puts traditional brick-and-mortar stores under pressure. More and more customers prefer the variety of goods, easily comparable prices, and personalized recommendations online to conventional shopping experiences in stationary retail. A major asset of online stores is their potential to collect, analyze, and interpret data. The collection and analysis of customer behavior and transaction data to improve website design, the assortment, and pricing strategies so-called'web analytics' are common practice in e-commerce for more than fifteen years already. Advancements in technologies and the ongoing digitalization of brickand- mortar stores unveil the potential of Retail Analytics for conventional stores as well. Yet, a structured overview of diverse factors relevant for implementing Retail Analytics is missing. In light of this context, this article derives a conceptual framework harmonizing the relations between different technologies, collected data, analysis methods, method outputs, and application purposes. © 2021 Elsevier B.V., All rights reserved.","Brick-and-mortar-stores; Machine learning; Retail analytics; Stationary retail","Brick; Costs; Electronic commerce; Information systems; Information use; Machine learning; Mortar; Sales; Analysis method; Conceptual frameworks; Customer behavior; Machine learning applications; Personalized recommendation; Pricing strategy; Transaction data; Web analytics; Retail stores","","English","Conference paper","Final","","Scopus","2-s2.0-85101693808"
"Branda, F.; Marozzo, F.; Talia, D.","Branda, Francesco (57220583145); Marozzo, Fabrizio (37097646500); Talia, Domenico (7003506943)","57220583145; 37097646500; 7003506943","Discovering Travelers’ Purchasing Behavior from Public Transport Data","2020","Lecture Notes in Computer Science","12565 LNCS","","","725","736","0","1","10.1007/978-3-030-64583-0_63","https://www.scopus.com/inward/record.uri?eid=2-s2.0-85101218035&doi=10.1007%2F978-3-030-64583-0_63&partnerID=40&md5=1fd5d3bde0b8123c4ae63cbabac48992","In recent years, the demand for collective mobility services is characterized by a significant growth. The long-distance coach market has undergone an important change in Europe since FlixBus adopted a dynamic pricing strategy, providing low-cost transport services and an efficient and fast information system. This paper presents a methodology, called DA4PT (Data Analytics for Public Transport), aimed at discovering the factors that influence travelers in booking and purchasing a bus ticket. Starting from a set of 3.23 million user-generated event logs of a bus ticketing platform, the methodology shows the correlation rules between travel features and the purchase of a ticket. Such rules are then used to train a machine learning model for predicting whether a user will buy or not a ticket. The results obtained by this study reveal that factors such as occupancy rate, fare of a ticket, and number of days passed from booking to departure, have significant influence on traveler’s buying decisions. The methodology reaches an accuracy of 93% in forecasting the purchase of a ticket, showing the effectiveness of the proposed approach and the reliability of results. © 2021 Elsevier B.V., All rights reserved.","Bus; Dynamic pricing; Machine learning; Public transport; Ticketing platform; Travelers’ buying behaviour","Data Analytics; Data Science; Machine learning; Purchasing; Sales; Turing machines; Buying decisions; Correlation rule; Machine learning models; Mobility service; Public transport; Purchasing behaviors; Reliability of results; Transport services; Costs","Nicosia, G.; Ojha, V.; La Malfa, E.; Jansen, G.; Sciacca, V.; Pardalos, P.; Giuffrida, G.; Umeton, R.","English","Conference paper","Final","","Scopus","2-s2.0-85101218035"
"Kropp, L.A.; Korbel, J.J.; Theilig, M.-M.; Zarnekow, R.","Kropp, Lennard A. (57217048531); Korbel, Jakob J. (56921757600); Theilig, Max Marcel (57202586605); Zarnekow, Rüdiger (55893785600)","57217048531; 56921757600; 57202586605; 55893785600","Dynamic pricing of product clusters: A multi-agent reinforcement learning approach","2020","","","","","","","0","4","","https://www.scopus.com/inward/record.uri?eid=2-s2.0-85087106290&partnerID=40&md5=2e01939ece1017afd90cebf0e37bd357","Retailers sell a multitude of products which are interrelated to each other. However, often the strategies to price products neither consider these dependencies nor changing market conditions, resulting in inefficient price setting. The objective of this study is to investigate whether a system of multiple agents, each representing a single product, combined with a machine learning approach can optimize pricing strategies. To achieve this objective, a design science research approach is used to implement a multi-agent reinforcement learning (MARL) system that learns a pricing policy for a product cluster and aims on maximizing the cluster's total profits by optimizing the prices of products dynamically. Six market simulation scenarios with predetermined market events were used to evaluate the MARL system in comparison to static pricing strategies and single-agent approaches. In all six scenarios, the MARL system leads to increasing profits: The daily average profits were 7.8% higher in comparison to the static pricing strategy and even 27% higher in comparison with a single-agent approach. The results indicate that retailers can gain a significant competitive advantage by considering product clusters and utilize ML algorithms to implement dynamic pricing strategies. © 2020 Elsevier B.V., All rights reserved.","Agent system; Dynamic market; Machine learning; Product dependencies","Commerce; Competition; Costs; Fertilizers; Information systems; Information use; Multi agent systems; Product design; Profitability; Reinforcement learning; Sales; Competitive advantage; Design-science researches; Machine learning approaches; Market condition; Market simulation; Multi-agent reinforcement learning; Pricing strategy; Product clusters; Learning systems","vom Brocke, J.; Gregor, S.; Muller, O.","English","Conference paper","Final","","Scopus","2-s2.0-85087106290"
